template_id,segment_id,lifecycle_stage,goal,theme,hook_used,feature_reference,content_english,content_hindi
TPL-5D230933,S1,trial,Motivation → session frequency • rapid adoption & habit formation,Core Drive 2: Accomplishment,Social Proof,Roleplay,[S1 - TRIAL] Mock message 1 focusing on Core Drive 2.,[S1 - TRIAL] डमी संदेश 1 (Core Drive 2).
TPL-80FB4512,S1,trial,Motivation → session frequency • rapid adoption & habit formation,Core Drive 2: Accomplishment,FOMO,Leaderboard,[S1 - TRIAL] Mock message 2 focusing on Core Drive 2.,[S1 - TRIAL] डमी संदेश 2 (Core Drive 2).
TPL-795B3F83,S1,trial,Motivation → session frequency • rapid adoption & habit formation,Core Drive 2: Accomplishment,Loss Aversion,Leaderboard,[S1 - TRIAL] Mock message 3 focusing on Core Drive 2.,[S1 - TRIAL] डमी संदेश 3 (Core Drive 2).
TPL-4577BFB2,S1,trial,Motivation → session frequency • rapid adoption & habit formation,Core Drive 2: Accomplishment,Mastery,Roleplay,[S1 - TRIAL] Mock message 4 focusing on Core Drive 2.,[S1 - TRIAL] डमी संदेश 4 (Core Drive 2).
TPL-C6DDF0F0,S1,trial,Motivation → session frequency • rapid adoption & habit formation,Core Drive 2: Accomplishment,Status,Progress Dashboard,[S1 - TRIAL] Mock message 5 focusing on Core Drive 2.,[S1 - TRIAL] डमी संदेश 5 (Core Drive 2).
TPL-868E86A4,S1,paid,Motivation → session frequency • deepening engagement & retention,Core Drive 2: Accomplishment,Urgency,XP Boost,[S1 - PAID] Mock message 1 focusing on Core Drive 2.,[S1 - PAID] डमी संदेश 1 (Core Drive 2).
TPL-49415A25,S1,paid,Motivation → session frequency • deepening engagement & retention,Core Drive 2: Accomplishment,Social Proof,Leaderboard,[S1 - PAID] Mock message 2 focusing on Core Drive 2.,[S1 - PAID] डमी संदेश 2 (Core Drive 2).
TPL-A8206D3B,S1,paid,Motivation → session frequency • deepening engagement & retention,Core Drive 2: Accomplishment,Loss Aversion,Daily Streak,[S1 - PAID] Mock message 3 focusing on Core Drive 2.,[S1 - PAID] डमी संदेश 3 (Core Drive 2).
TPL-ADF70CF7,S1,paid,Motivation → session frequency • deepening engagement & retention,Core Drive 2: Accomplishment,Mastery,Roleplay,[S1 - PAID] Mock message 4 focusing on Core Drive 2.,[S1 - PAID] डमी संदेश 4 (Core Drive 2).
TPL-5A57A90D,S1,paid,Motivation → session frequency • deepening engagement & retention,Core Drive 2: Accomplishment,Urgency,Daily Streak,[S1 - PAID] Mock message 5 focusing on Core Drive 2.,[S1 - PAID] डमी संदेश 5 (Core Drive 2).
TPL-E23489F7,S1,churned,Motivation → session frequency • re-engagement & recovering lost habits,Core Drive 2: Accomplishment,Urgency,XP Boost,[S1 - CHURNED] Mock message 1 focusing on Core Drive 2.,[S1 - CHURNED] डमी संदेश 1 (Core Drive 2).
TPL-CB852683,S1,churned,Motivation → session frequency • re-engagement & recovering lost habits,Core Drive 2: Accomplishment,Status,Progress Dashboard,[S1 - CHURNED] Mock message 2 focusing on Core Drive 2.,[S1 - CHURNED] डमी संदेश 2 (Core Drive 2).
TPL-31216338,S1,churned,Motivation → session frequency • re-engagement & recovering lost habits,Core Drive 2: Accomplishment,FOMO,Leaderboard,[S1 - CHURNED] Mock message 3 focusing on Core Drive 2.,[S1 - CHURNED] डमी संदेश 3 (Core Drive 2).
TPL-F8A65B6F,S1,churned,Motivation → session frequency • re-engagement & recovering lost habits,Core Drive 2: Accomplishment,Mastery,Daily Streak,[S1 - CHURNED] Mock message 4 focusing on Core Drive 2.,[S1 - CHURNED] डमी संदेश 4 (Core Drive 2).
TPL-E731F895,S1,churned,Motivation → session frequency • re-engagement & recovering lost habits,Core Drive 2: Accomplishment,FOMO,AI Tutor,[S1 - CHURNED] Mock message 5 focusing on Core Drive 2.,[S1 - CHURNED] डमी संदेश 5 (Core Drive 2).
TPL-136681AE,S1,inactive,Motivation → session frequency • compelling return value proposition,Core Drive 2: Accomplishment,FOMO,XP Boost,[S1 - INACTIVE] Mock message 1 focusing on Core Drive 2.,[S1 - INACTIVE] डमी संदेश 1 (Core Drive 2).
TPL-C1122E2C,S1,inactive,Motivation → session frequency • compelling return value proposition,Core Drive 2: Accomplishment,Social Proof,Daily Streak,[S1 - INACTIVE] Mock message 2 focusing on Core Drive 2.,[S1 - INACTIVE] डमी संदेश 2 (Core Drive 2).
TPL-F06D6CB8,S1,inactive,Motivation → session frequency • compelling return value proposition,Core Drive 2: Accomplishment,Mastery,Progress Dashboard,[S1 - INACTIVE] Mock message 3 focusing on Core Drive 2.,[S1 - INACTIVE] डमी संदेश 3 (Core Drive 2).
TPL-06F3573D,S1,inactive,Motivation → session frequency • compelling return value proposition,Core Drive 2: Accomplishment,FOMO,Roleplay,[S1 - INACTIVE] Mock message 4 focusing on Core Drive 2.,[S1 - INACTIVE] डमी संदेश 4 (Core Drive 2).
TPL-F2684ACC,S1,inactive,Motivation → session frequency • compelling return value proposition,Core Drive 2: Accomplishment,Mastery,XP Boost,[S1 - INACTIVE] Mock message 5 focusing on Core Drive 2.,[S1 - INACTIVE] डमी संदेश 5 (Core Drive 2).
TPL-4A679023,S2,trial,Personalization → Engagement • rapid adoption & habit formation,Core Drive 3: Empowerment,Loss Aversion,Progress Dashboard,[S2 - TRIAL] Mock message 1 focusing on Core Drive 3.,[S2 - TRIAL] डमी संदेश 1 (Core Drive 3).
TPL-BFEB34CF,S2,trial,Personalization → Engagement • rapid adoption & habit formation,Core Drive 3: Empowerment,Loss Aversion,AI Tutor,[S2 - TRIAL] Mock message 2 focusing on Core Drive 3.,[S2 - TRIAL] डमी संदेश 2 (Core Drive 3).
TPL-C186CFDA,S2,trial,Personalization → Engagement • rapid adoption & habit formation,Core Drive 3: Empowerment,Status,Progress Dashboard,[S2 - TRIAL] Mock message 3 focusing on Core Drive 3.,[S2 - TRIAL] डमी संदेश 3 (Core Drive 3).
TPL-6D57AD36,S2,trial,Personalization → Engagement • rapid adoption & habit formation,Core Drive 3: Empowerment,Loss Aversion,Leaderboard,[S2 - TRIAL] Mock message 4 focusing on Core Drive 3.,[S2 - TRIAL] डमी संदेश 4 (Core Drive 3).
TPL-C6085E1D,S2,trial,Personalization → Engagement • rapid adoption & habit formation,Core Drive 3: Empowerment,Status,Progress Dashboard,[S2 - TRIAL] Mock message 5 focusing on Core Drive 3.,[S2 - TRIAL] डमी संदेश 5 (Core Drive 3).
TPL-B07176E4,S2,paid,Personalization → Engagement • deepening engagement & retention,Core Drive 3: Empowerment,FOMO,AI Tutor,[S2 - PAID] Mock message 1 focusing on Core Drive 3.,[S2 - PAID] डमी संदेश 1 (Core Drive 3).
TPL-5D70F530,S2,paid,Personalization → Engagement • deepening engagement & retention,Core Drive 3: Empowerment,Urgency,Progress Dashboard,[S2 - PAID] Mock message 2 focusing on Core Drive 3.,[S2 - PAID] डमी संदेश 2 (Core Drive 3).
TPL-98154DBC,S2,paid,Personalization → Engagement • deepening engagement & retention,Core Drive 3: Empowerment,Status,XP Boost,[S2 - PAID] Mock message 3 focusing on Core Drive 3.,[S2 - PAID] डमी संदेश 3 (Core Drive 3).
TPL-3AB459CD,S2,paid,Personalization → Engagement • deepening engagement & retention,Core Drive 3: Empowerment,FOMO,XP Boost,[S2 - PAID] Mock message 4 focusing on Core Drive 3.,[S2 - PAID] डमी संदेश 4 (Core Drive 3).
TPL-DCB0D870,S2,paid,Personalization → Engagement • deepening engagement & retention,Core Drive 3: Empowerment,Urgency,Leaderboard,[S2 - PAID] Mock message 5 focusing on Core Drive 3.,[S2 - PAID] डमी संदेश 5 (Core Drive 3).
TPL-EAC90AD4,S2,churned,Personalization → Engagement • re-engagement & recovering lost habits,Core Drive 3: Empowerment,Urgency,Roleplay,[S2 - CHURNED] Mock message 1 focusing on Core Drive 3.,[S2 - CHURNED] डमी संदेश 1 (Core Drive 3).
TPL-78B46E53,S2,churned,Personalization → Engagement • re-engagement & recovering lost habits,Core Drive 3: Empowerment,FOMO,XP Boost,[S2 - CHURNED] Mock message 2 focusing on Core Drive 3.,[S2 - CHURNED] डमी संदेश 2 (Core Drive 3).
TPL-82CC4A93,S2,churned,Personalization → Engagement • re-engagement & recovering lost habits,Core Drive 3: Empowerment,Social Proof,Progress Dashboard,[S2 - CHURNED] Mock message 3 focusing on Core Drive 3.,[S2 - CHURNED] डमी संदेश 3 (Core Drive 3).
TPL-3E8D6D1B,S2,churned,Personalization → Engagement • re-engagement & recovering lost habits,Core Drive 3: Empowerment,FOMO,Leaderboard,[S2 - CHURNED] Mock message 4 focusing on Core Drive 3.,[S2 - CHURNED] डमी संदेश 4 (Core Drive 3).
TPL-2A645C6E,S2,churned,Personalization → Engagement • re-engagement & recovering lost habits,Core Drive 3: Empowerment,Urgency,AI Tutor,[S2 - CHURNED] Mock message 5 focusing on Core Drive 3.,[S2 - CHURNED] डमी संदेश 5 (Core Drive 3).
TPL-C45CBA73,S2,inactive,Personalization → Engagement • compelling return value proposition,Core Drive 3: Empowerment,Mastery,Leaderboard,[S2 - INACTIVE] Mock message 1 focusing on Core Drive 3.,[S2 - INACTIVE] डमी संदेश 1 (Core Drive 3).
TPL-D11EDC8F,S2,inactive,Personalization → Engagement • compelling return value proposition,Core Drive 3: Empowerment,Mastery,AI Tutor,[S2 - INACTIVE] Mock message 2 focusing on Core Drive 3.,[S2 - INACTIVE] डमी संदेश 2 (Core Drive 3).
TPL-C66DECC2,S2,inactive,Personalization → Engagement • compelling return value proposition,Core Drive 3: Empowerment,Mastery,Progress Dashboard,[S2 - INACTIVE] Mock message 3 focusing on Core Drive 3.,[S2 - INACTIVE] डमी संदेश 3 (Core Drive 3).
TPL-B1F3D89D,S2,inactive,Personalization → Engagement • compelling return value proposition,Core Drive 3: Empowerment,Loss Aversion,Daily Streak,[S2 - INACTIVE] Mock message 4 focusing on Core Drive 3.,[S2 - INACTIVE] डमी संदेश 4 (Core Drive 3).
TPL-FFB69F00,S2,inactive,Personalization → Engagement • compelling return value proposition,Core Drive 3: Empowerment,Loss Aversion,Progress Dashboard,[S2 - INACTIVE] Mock message 5 focusing on Core Drive 3.,[S2 - INACTIVE] डमी संदेश 5 (Core Drive 3).
TPL-3D361CB0,S3,trial,Identity → retention • rapid adoption & habit formation,Core Drive 5: Social Influence,Urgency,AI Tutor,[S3 - TRIAL] Mock message 1 focusing on Core Drive 5.,[S3 - TRIAL] डमी संदेश 1 (Core Drive 5).
TPL-F7DF34EB,S3,trial,Identity → retention • rapid adoption & habit formation,Core Drive 5: Social Influence,Urgency,Progress Dashboard,[S3 - TRIAL] Mock message 2 focusing on Core Drive 5.,[S3 - TRIAL] डमी संदेश 2 (Core Drive 5).
TPL-F17207FD,S3,trial,Identity → retention • rapid adoption & habit formation,Core Drive 5: Social Influence,Social Proof,AI Tutor,[S3 - TRIAL] Mock message 3 focusing on Core Drive 5.,[S3 - TRIAL] डमी संदेश 3 (Core Drive 5).
TPL-45DE1E17,S3,trial,Identity → retention • rapid adoption & habit formation,Core Drive 5: Social Influence,Mastery,Daily Streak,[S3 - TRIAL] Mock message 4 focusing on Core Drive 5.,[S3 - TRIAL] डमी संदेश 4 (Core Drive 5).
TPL-826EF42B,S3,trial,Identity → retention • rapid adoption & habit formation,Core Drive 5: Social Influence,Status,Daily Streak,[S3 - TRIAL] Mock message 5 focusing on Core Drive 5.,[S3 - TRIAL] डमी संदेश 5 (Core Drive 5).
TPL-7C6DA82E,S3,paid,Identity → retention • deepening engagement & retention,Core Drive 5: Social Influence,Status,Progress Dashboard,[S3 - PAID] Mock message 1 focusing on Core Drive 5.,[S3 - PAID] डमी संदेश 1 (Core Drive 5).
TPL-4C8946A4,S3,paid,Identity → retention • deepening engagement & retention,Core Drive 5: Social Influence,Curiosity,Leaderboard,[S3 - PAID] Mock message 2 focusing on Core Drive 5.,[S3 - PAID] डमी संदेश 2 (Core Drive 5).
TPL-935192C8,S3,paid,Identity → retention • deepening engagement & retention,Core Drive 5: Social Influence,FOMO,Daily Streak,[S3 - PAID] Mock message 3 focusing on Core Drive 5.,[S3 - PAID] डमी संदेश 3 (Core Drive 5).
TPL-F57888D5,S3,paid,Identity → retention • deepening engagement & retention,Core Drive 5: Social Influence,Curiosity,Daily Streak,[S3 - PAID] Mock message 4 focusing on Core Drive 5.,[S3 - PAID] डमी संदेश 4 (Core Drive 5).
TPL-D819986B,S3,paid,Identity → retention • deepening engagement & retention,Core Drive 5: Social Influence,Curiosity,Leaderboard,[S3 - PAID] Mock message 5 focusing on Core Drive 5.,[S3 - PAID] डमी संदेश 5 (Core Drive 5).
TPL-E7E23E9F,S3,churned,Identity → retention • re-engagement & recovering lost habits,Core Drive 5: Social Influence,Loss Aversion,Daily Streak,[S3 - CHURNED] Mock message 1 focusing on Core Drive 5.,[S3 - CHURNED] डमी संदेश 1 (Core Drive 5).
TPL-872241C5,S3,churned,Identity → retention • re-engagement & recovering lost habits,Core Drive 5: Social Influence,FOMO,AI Tutor,[S3 - CHURNED] Mock message 2 focusing on Core Drive 5.,[S3 - CHURNED] डमी संदेश 2 (Core Drive 5).
TPL-B51B3541,S3,churned,Identity → retention • re-engagement & recovering lost habits,Core Drive 5: Social Influence,Social Proof,Roleplay,[S3 - CHURNED] Mock message 3 focusing on Core Drive 5.,[S3 - CHURNED] डमी संदेश 3 (Core Drive 5).
TPL-DA876ECE,S3,churned,Identity → retention • re-engagement & recovering lost habits,Core Drive 5: Social Influence,Social Proof,AI Tutor,[S3 - CHURNED] Mock message 4 focusing on Core Drive 5.,[S3 - CHURNED] डमी संदेश 4 (Core Drive 5).
TPL-76D1DF61,S3,churned,Identity → retention • re-engagement & recovering lost habits,Core Drive 5: Social Influence,Social Proof,AI Tutor,[S3 - CHURNED] Mock message 5 focusing on Core Drive 5.,[S3 - CHURNED] डमी संदेश 5 (Core Drive 5).
TPL-8CBBE0CB,S3,inactive,Identity → retention • compelling return value proposition,Core Drive 5: Social Influence,Curiosity,AI Tutor,[S3 - INACTIVE] Mock message 1 focusing on Core Drive 5.,[S3 - INACTIVE] डमी संदेश 1 (Core Drive 5).
TPL-AE14C3A7,S3,inactive,Identity → retention • compelling return value proposition,Core Drive 5: Social Influence,Status,Daily Streak,[S3 - INACTIVE] Mock message 2 focusing on Core Drive 5.,[S3 - INACTIVE] डमी संदेश 2 (Core Drive 5).
TPL-1B378C1F,S3,inactive,Identity → retention • compelling return value proposition,Core Drive 5: Social Influence,Urgency,Roleplay,[S3 - INACTIVE] Mock message 3 focusing on Core Drive 5.,[S3 - INACTIVE] डमी संदेश 3 (Core Drive 5).
TPL-5B9DA91A,S3,inactive,Identity → retention • compelling return value proposition,Core Drive 5: Social Influence,Urgency,Leaderboard,[S3 - INACTIVE] Mock message 4 focusing on Core Drive 5.,[S3 - INACTIVE] डमी संदेश 4 (Core Drive 5).
TPL-7CB51DED,S3,inactive,Identity → retention • compelling return value proposition,Core Drive 5: Social Influence,Social Proof,XP Boost,[S3 - INACTIVE] Mock message 5 focusing on Core Drive 5.,[S3 - INACTIVE] डमी संदेश 5 (Core Drive 5).
TPL-A447906E,S4,trial,Motivation → session frequency • rapid adoption & habit formation,Core Drive 7: Unpredictability,Mastery,AI Tutor,[S4 - TRIAL] Mock message 1 focusing on Core Drive 7.,[S4 - TRIAL] डमी संदेश 1 (Core Drive 7).
TPL-F528249E,S4,trial,Motivation → session frequency • rapid adoption & habit formation,Core Drive 7: Unpredictability,Social Proof,Progress Dashboard,[S4 - TRIAL] Mock message 2 focusing on Core Drive 7.,[S4 - TRIAL] डमी संदेश 2 (Core Drive 7).
TPL-523D7835,S4,trial,Motivation → session frequency • rapid adoption & habit formation,Core Drive 7: Unpredictability,Curiosity,Daily Streak,[S4 - TRIAL] Mock message 3 focusing on Core Drive 7.,[S4 - TRIAL] डमी संदेश 3 (Core Drive 7).
TPL-63ED9D68,S4,trial,Motivation → session frequency • rapid adoption & habit formation,Core Drive 7: Unpredictability,Loss Aversion,Progress Dashboard,[S4 - TRIAL] Mock message 4 focusing on Core Drive 7.,[S4 - TRIAL] डमी संदेश 4 (Core Drive 7).
TPL-B547EE05,S4,trial,Motivation → session frequency • rapid adoption & habit formation,Core Drive 7: Unpredictability,Curiosity,Progress Dashboard,[S4 - TRIAL] Mock message 5 focusing on Core Drive 7.,[S4 - TRIAL] डमी संदेश 5 (Core Drive 7).
TPL-61347F7D,S4,paid,Motivation → session frequency • deepening engagement & retention,Core Drive 7: Unpredictability,Status,Progress Dashboard,[S4 - PAID] Mock message 1 focusing on Core Drive 7.,[S4 - PAID] डमी संदेश 1 (Core Drive 7).
TPL-5A408880,S4,paid,Motivation → session frequency • deepening engagement & retention,Core Drive 7: Unpredictability,FOMO,Daily Streak,[S4 - PAID] Mock message 2 focusing on Core Drive 7.,[S4 - PAID] डमी संदेश 2 (Core Drive 7).
TPL-2EBB8D3E,S4,paid,Motivation → session frequency • deepening engagement & retention,Core Drive 7: Unpredictability,Urgency,Leaderboard,[S4 - PAID] Mock message 3 focusing on Core Drive 7.,[S4 - PAID] डमी संदेश 3 (Core Drive 7).
TPL-C76B9E5F,S4,paid,Motivation → session frequency • deepening engagement & retention,Core Drive 7: Unpredictability,Mastery,Leaderboard,[S4 - PAID] Mock message 4 focusing on Core Drive 7.,[S4 - PAID] डमी संदेश 4 (Core Drive 7).
TPL-18FAD721,S4,paid,Motivation → session frequency • deepening engagement & retention,Core Drive 7: Unpredictability,Social Proof,AI Tutor,[S4 - PAID] Mock message 5 focusing on Core Drive 7.,[S4 - PAID] डमी संदेश 5 (Core Drive 7).
TPL-E716BBAF,S4,churned,Motivation → session frequency • re-engagement & recovering lost habits,Core Drive 7: Unpredictability,Mastery,Progress Dashboard,[S4 - CHURNED] Mock message 1 focusing on Core Drive 7.,[S4 - CHURNED] डमी संदेश 1 (Core Drive 7).
TPL-BCB1A521,S4,churned,Motivation → session frequency • re-engagement & recovering lost habits,Core Drive 7: Unpredictability,Loss Aversion,Daily Streak,[S4 - CHURNED] Mock message 2 focusing on Core Drive 7.,[S4 - CHURNED] डमी संदेश 2 (Core Drive 7).
TPL-A81647D6,S4,churned,Motivation → session frequency • re-engagement & recovering lost habits,Core Drive 7: Unpredictability,Mastery,AI Tutor,[S4 - CHURNED] Mock message 3 focusing on Core Drive 7.,[S4 - CHURNED] डमी संदेश 3 (Core Drive 7).
TPL-45071F74,S4,churned,Motivation → session frequency • re-engagement & recovering lost habits,Core Drive 7: Unpredictability,Urgency,Daily Streak,[S4 - CHURNED] Mock message 4 focusing on Core Drive 7.,[S4 - CHURNED] डमी संदेश 4 (Core Drive 7).
TPL-9B23B33C,S4,churned,Motivation → session frequency • re-engagement & recovering lost habits,Core Drive 7: Unpredictability,Mastery,Progress Dashboard,[S4 - CHURNED] Mock message 5 focusing on Core Drive 7.,[S4 - CHURNED] डमी संदेश 5 (Core Drive 7).
TPL-4FDBBCAA,S4,inactive,Motivation → session frequency • compelling return value proposition,Core Drive 7: Unpredictability,Loss Aversion,Roleplay,[S4 - INACTIVE] Mock message 1 focusing on Core Drive 7.,[S4 - INACTIVE] डमी संदेश 1 (Core Drive 7).
TPL-953C2765,S4,inactive,Motivation → session frequency • compelling return value proposition,Core Drive 7: Unpredictability,Curiosity,Progress Dashboard,[S4 - INACTIVE] Mock message 2 focusing on Core Drive 7.,[S4 - INACTIVE] डमी संदेश 2 (Core Drive 7).
TPL-8D55D08B,S4,inactive,Motivation → session frequency • compelling return value proposition,Core Drive 7: Unpredictability,Mastery,AI Tutor,[S4 - INACTIVE] Mock message 3 focusing on Core Drive 7.,[S4 - INACTIVE] डमी संदेश 3 (Core Drive 7).
TPL-5ADE0394,S4,inactive,Motivation → session frequency • compelling return value proposition,Core Drive 7: Unpredictability,Loss Aversion,Progress Dashboard,[S4 - INACTIVE] Mock message 4 focusing on Core Drive 7.,[S4 - INACTIVE] डमी संदेश 4 (Core Drive 7).
TPL-1A859F79,S4,inactive,Motivation → session frequency • compelling return value proposition,Core Drive 7: Unpredictability,Social Proof,XP Boost,[S4 - INACTIVE] Mock message 5 focusing on Core Drive 7.,[S4 - INACTIVE] डमी संदेश 5 (Core Drive 7).
TPL-F5FB7EB9,S5,trial,Personalization → Engagement • rapid adoption & habit formation,Core Drive 3: Empowerment,FOMO,XP Boost,[S5 - TRIAL] Mock message 1 focusing on Core Drive 3.,[S5 - TRIAL] डमी संदेश 1 (Core Drive 3).
TPL-66105C1A,S5,trial,Personalization → Engagement • rapid adoption & habit formation,Core Drive 3: Empowerment,FOMO,AI Tutor,[S5 - TRIAL] Mock message 2 focusing on Core Drive 3.,[S5 - TRIAL] डमी संदेश 2 (Core Drive 3).
TPL-16478A87,S5,trial,Personalization → Engagement • rapid adoption & habit formation,Core Drive 3: Empowerment,Mastery,Progress Dashboard,[S5 - TRIAL] Mock message 3 focusing on Core Drive 3.,[S5 - TRIAL] डमी संदेश 3 (Core Drive 3).
TPL-F294D3AE,S5,trial,Personalization → Engagement • rapid adoption & habit formation,Core Drive 3: Empowerment,FOMO,Leaderboard,[S5 - TRIAL] Mock message 4 focusing on Core Drive 3.,[S5 - TRIAL] डमी संदेश 4 (Core Drive 3).
TPL-65D7570C,S5,trial,Personalization → Engagement • rapid adoption & habit formation,Core Drive 3: Empowerment,Loss Aversion,Leaderboard,[S5 - TRIAL] Mock message 5 focusing on Core Drive 3.,[S5 - TRIAL] डमी संदेश 5 (Core Drive 3).
TPL-4AEF0CA8,S5,paid,Personalization → Engagement • deepening engagement & retention,Core Drive 3: Empowerment,FOMO,AI Tutor,[S5 - PAID] Mock message 1 focusing on Core Drive 3.,[S5 - PAID] डमी संदेश 1 (Core Drive 3).
TPL-D8568063,S5,paid,Personalization → Engagement • deepening engagement & retention,Core Drive 3: Empowerment,Status,XP Boost,[S5 - PAID] Mock message 2 focusing on Core Drive 3.,[S5 - PAID] डमी संदेश 2 (Core Drive 3).
TPL-933C473B,S5,paid,Personalization → Engagement • deepening engagement & retention,Core Drive 3: Empowerment,Social Proof,AI Tutor,[S5 - PAID] Mock message 3 focusing on Core Drive 3.,[S5 - PAID] डमी संदेश 3 (Core Drive 3).
TPL-602BF781,S5,paid,Personalization → Engagement • deepening engagement & retention,Core Drive 3: Empowerment,FOMO,XP Boost,[S5 - PAID] Mock message 4 focusing on Core Drive 3.,[S5 - PAID] डमी संदेश 4 (Core Drive 3).
TPL-2C29D6E9,S5,paid,Personalization → Engagement • deepening engagement & retention,Core Drive 3: Empowerment,FOMO,Roleplay,[S5 - PAID] Mock message 5 focusing on Core Drive 3.,[S5 - PAID] डमी संदेश 5 (Core Drive 3).
TPL-6A8F2E85,S5,churned,Personalization → Engagement • re-engagement & recovering lost habits,Core Drive 3: Empowerment,Loss Aversion,XP Boost,[S5 - CHURNED] Mock message 1 focusing on Core Drive 3.,[S5 - CHURNED] डमी संदेश 1 (Core Drive 3).
TPL-0977376F,S5,churned,Personalization → Engagement • re-engagement & recovering lost habits,Core Drive 3: Empowerment,Urgency,Roleplay,[S5 - CHURNED] Mock message 2 focusing on Core Drive 3.,[S5 - CHURNED] डमी संदेश 2 (Core Drive 3).
TPL-D36C8DC6,S5,churned,Personalization → Engagement • re-engagement & recovering lost habits,Core Drive 3: Empowerment,Loss Aversion,Roleplay,[S5 - CHURNED] Mock message 3 focusing on Core Drive 3.,[S5 - CHURNED] डमी संदेश 3 (Core Drive 3).
TPL-E9E9B9F3,S5,churned,Personalization → Engagement • re-engagement & recovering lost habits,Core Drive 3: Empowerment,Mastery,Roleplay,[S5 - CHURNED] Mock message 4 focusing on Core Drive 3.,[S5 - CHURNED] डमी संदेश 4 (Core Drive 3).
TPL-D1088D4F,S5,churned,Personalization → Engagement • re-engagement & recovering lost habits,Core Drive 3: Empowerment,Urgency,Daily Streak,[S5 - CHURNED] Mock message 5 focusing on Core Drive 3.,[S5 - CHURNED] डमी संदेश 5 (Core Drive 3).
TPL-A11E1482,S5,inactive,Personalization → Engagement • compelling return value proposition,Core Drive 3: Empowerment,FOMO,Roleplay,[S5 - INACTIVE] Mock message 1 focusing on Core Drive 3.,[S5 - INACTIVE] डमी संदेश 1 (Core Drive 3).
TPL-F645C8B6,S5,inactive,Personalization → Engagement • compelling return value proposition,Core Drive 3: Empowerment,Urgency,Progress Dashboard,[S5 - INACTIVE] Mock message 2 focusing on Core Drive 3.,[S5 - INACTIVE] डमी संदेश 2 (Core Drive 3).
TPL-3039203D,S5,inactive,Personalization → Engagement • compelling return value proposition,Core Drive 3: Empowerment,Status,Daily Streak,[S5 - INACTIVE] Mock message 3 focusing on Core Drive 3.,[S5 - INACTIVE] डमी संदेश 3 (Core Drive 3).
TPL-8D37ED97,S5,inactive,Personalization → Engagement • compelling return value proposition,Core Drive 3: Empowerment,Curiosity,XP Boost,[S5 - INACTIVE] Mock message 4 focusing on Core Drive 3.,[S5 - INACTIVE] डमी संदेश 4 (Core Drive 3).
TPL-2AA85EBA,S5,inactive,Personalization → Engagement • compelling return value proposition,Core Drive 3: Empowerment,Curiosity,AI Tutor,[S5 - INACTIVE] Mock message 5 focusing on Core Drive 3.,[S5 - INACTIVE] डमी संदेश 5 (Core Drive 3).
TPL-78321BA7,S6,trial,Identity → retention • rapid adoption & habit formation,Core Drive 5: Social Influence,Urgency,XP Boost,[S6 - TRIAL] Mock message 1 focusing on Core Drive 5.,[S6 - TRIAL] डमी संदेश 1 (Core Drive 5).
TPL-B8E0DF8A,S6,trial,Identity → retention • rapid adoption & habit formation,Core Drive 5: Social Influence,Urgency,XP Boost,[S6 - TRIAL] Mock message 2 focusing on Core Drive 5.,[S6 - TRIAL] डमी संदेश 2 (Core Drive 5).
TPL-7DE822C0,S6,trial,Identity → retention • rapid adoption & habit formation,Core Drive 5: Social Influence,Status,Leaderboard,[S6 - TRIAL] Mock message 3 focusing on Core Drive 5.,[S6 - TRIAL] डमी संदेश 3 (Core Drive 5).
TPL-68661AEF,S6,trial,Identity → retention • rapid adoption & habit formation,Core Drive 5: Social Influence,FOMO,XP Boost,[S6 - TRIAL] Mock message 4 focusing on Core Drive 5.,[S6 - TRIAL] डमी संदेश 4 (Core Drive 5).
TPL-778F508A,S6,trial,Identity → retention • rapid adoption & habit formation,Core Drive 5: Social Influence,Mastery,XP Boost,[S6 - TRIAL] Mock message 5 focusing on Core Drive 5.,[S6 - TRIAL] डमी संदेश 5 (Core Drive 5).
TPL-38C5BD51,S6,paid,Identity → retention • deepening engagement & retention,Core Drive 5: Social Influence,Social Proof,XP Boost,[S6 - PAID] Mock message 1 focusing on Core Drive 5.,[S6 - PAID] डमी संदेश 1 (Core Drive 5).
TPL-17259471,S6,paid,Identity → retention • deepening engagement & retention,Core Drive 5: Social Influence,Social Proof,Daily Streak,[S6 - PAID] Mock message 2 focusing on Core Drive 5.,[S6 - PAID] डमी संदेश 2 (Core Drive 5).
TPL-7605BA62,S6,paid,Identity → retention • deepening engagement & retention,Core Drive 5: Social Influence,Mastery,Roleplay,[S6 - PAID] Mock message 3 focusing on Core Drive 5.,[S6 - PAID] डमी संदेश 3 (Core Drive 5).
TPL-4156B737,S6,paid,Identity → retention • deepening engagement & retention,Core Drive 5: Social Influence,FOMO,Daily Streak,[S6 - PAID] Mock message 4 focusing on Core Drive 5.,[S6 - PAID] डमी संदेश 4 (Core Drive 5).
TPL-2E6917EC,S6,paid,Identity → retention • deepening engagement & retention,Core Drive 5: Social Influence,Loss Aversion,Leaderboard,[S6 - PAID] Mock message 5 focusing on Core Drive 5.,[S6 - PAID] डमी संदेश 5 (Core Drive 5).
TPL-F72BC451,S6,churned,Identity → retention • re-engagement & recovering lost habits,Core Drive 5: Social Influence,Loss Aversion,Leaderboard,[S6 - CHURNED] Mock message 1 focusing on Core Drive 5.,[S6 - CHURNED] डमी संदेश 1 (Core Drive 5).
TPL-DD334E88,S6,churned,Identity → retention • re-engagement & recovering lost habits,Core Drive 5: Social Influence,Curiosity,AI Tutor,[S6 - CHURNED] Mock message 2 focusing on Core Drive 5.,[S6 - CHURNED] डमी संदेश 2 (Core Drive 5).
TPL-29262DD6,S6,churned,Identity → retention • re-engagement & recovering lost habits,Core Drive 5: Social Influence,Mastery,Roleplay,[S6 - CHURNED] Mock message 3 focusing on Core Drive 5.,[S6 - CHURNED] डमी संदेश 3 (Core Drive 5).
TPL-BBE559F8,S6,churned,Identity → retention • re-engagement & recovering lost habits,Core Drive 5: Social Influence,Status,Leaderboard,[S6 - CHURNED] Mock message 4 focusing on Core Drive 5.,[S6 - CHURNED] डमी संदेश 4 (Core Drive 5).
TPL-900EB48B,S6,churned,Identity → retention • re-engagement & recovering lost habits,Core Drive 5: Social Influence,Urgency,Progress Dashboard,[S6 - CHURNED] Mock message 5 focusing on Core Drive 5.,[S6 - CHURNED] डमी संदेश 5 (Core Drive 5).
TPL-943605E4,S6,inactive,Identity → retention • compelling return value proposition,Core Drive 5: Social Influence,Urgency,AI Tutor,[S6 - INACTIVE] Mock message 1 focusing on Core Drive 5.,[S6 - INACTIVE] डमी संदेश 1 (Core Drive 5).
TPL-5E8C8BC8,S6,inactive,Identity → retention • compelling return value proposition,Core Drive 5: Social Influence,Social Proof,Progress Dashboard,[S6 - INACTIVE] Mock message 2 focusing on Core Drive 5.,[S6 - INACTIVE] डमी संदेश 2 (Core Drive 5).
TPL-FA184DEE,S6,inactive,Identity → retention • compelling return value proposition,Core Drive 5: Social Influence,Loss Aversion,AI Tutor,[S6 - INACTIVE] Mock message 3 focusing on Core Drive 5.,[S6 - INACTIVE] डमी संदेश 3 (Core Drive 5).
TPL-9608A1FE,S6,inactive,Identity → retention • compelling return value proposition,Core Drive 5: Social Influence,Urgency,Roleplay,[S6 - INACTIVE] Mock message 4 focusing on Core Drive 5.,[S6 - INACTIVE] डमी संदेश 4 (Core Drive 5).
TPL-86D5A738,S6,inactive,Identity → retention • compelling return value proposition,Core Drive 5: Social Influence,Status,AI Tutor,[S6 - INACTIVE] Mock message 5 focusing on Core Drive 5.,[S6 - INACTIVE] डमी संदेश 5 (Core Drive 5).
TPL-8CDFED14,S7,trial,Motivation → session frequency • rapid adoption & habit formation,Core Drive 8: Loss Avoidance,Curiosity,Roleplay,[S7 - TRIAL] Mock message 1 focusing on Core Drive 8.,[S7 - TRIAL] डमी संदेश 1 (Core Drive 8).
TPL-386C0B9D,S7,trial,Motivation → session frequency • rapid adoption & habit formation,Core Drive 8: Loss Avoidance,Status,Leaderboard,[S7 - TRIAL] Mock message 2 focusing on Core Drive 8.,[S7 - TRIAL] डमी संदेश 2 (Core Drive 8).
TPL-419E28F1,S7,trial,Motivation → session frequency • rapid adoption & habit formation,Core Drive 8: Loss Avoidance,Loss Aversion,XP Boost,[S7 - TRIAL] Mock message 3 focusing on Core Drive 8.,[S7 - TRIAL] डमी संदेश 3 (Core Drive 8).
TPL-D3DB3169,S7,trial,Motivation → session frequency • rapid adoption & habit formation,Core Drive 8: Loss Avoidance,Urgency,Leaderboard,[S7 - TRIAL] Mock message 4 focusing on Core Drive 8.,[S7 - TRIAL] डमी संदेश 4 (Core Drive 8).
TPL-EEEE218F,S7,trial,Motivation → session frequency • rapid adoption & habit formation,Core Drive 8: Loss Avoidance,FOMO,Daily Streak,[S7 - TRIAL] Mock message 5 focusing on Core Drive 8.,[S7 - TRIAL] डमी संदेश 5 (Core Drive 8).
TPL-25DC52A6,S7,paid,Motivation → session frequency • deepening engagement & retention,Core Drive 8: Loss Avoidance,FOMO,Progress Dashboard,[S7 - PAID] Mock message 1 focusing on Core Drive 8.,[S7 - PAID] डमी संदेश 1 (Core Drive 8).
TPL-907EDE34,S7,paid,Motivation → session frequency • deepening engagement & retention,Core Drive 8: Loss Avoidance,FOMO,Leaderboard,[S7 - PAID] Mock message 2 focusing on Core Drive 8.,[S7 - PAID] डमी संदेश 2 (Core Drive 8).
TPL-357F97F8,S7,paid,Motivation → session frequency • deepening engagement & retention,Core Drive 8: Loss Avoidance,Loss Aversion,Leaderboard,[S7 - PAID] Mock message 3 focusing on Core Drive 8.,[S7 - PAID] डमी संदेश 3 (Core Drive 8).
TPL-743B8AAB,S7,paid,Motivation → session frequency • deepening engagement & retention,Core Drive 8: Loss Avoidance,Mastery,Leaderboard,[S7 - PAID] Mock message 4 focusing on Core Drive 8.,[S7 - PAID] डमी संदेश 4 (Core Drive 8).
TPL-4335A4D2,S7,paid,Motivation → session frequency • deepening engagement & retention,Core Drive 8: Loss Avoidance,Social Proof,Daily Streak,[S7 - PAID] Mock message 5 focusing on Core Drive 8.,[S7 - PAID] डमी संदेश 5 (Core Drive 8).
TPL-31E670A6,S7,churned,Motivation → session frequency • re-engagement & recovering lost habits,Core Drive 8: Loss Avoidance,Urgency,AI Tutor,[S7 - CHURNED] Mock message 1 focusing on Core Drive 8.,[S7 - CHURNED] डमी संदेश 1 (Core Drive 8).
TPL-87188AD5,S7,churned,Motivation → session frequency • re-engagement & recovering lost habits,Core Drive 8: Loss Avoidance,Curiosity,AI Tutor,[S7 - CHURNED] Mock message 2 focusing on Core Drive 8.,[S7 - CHURNED] डमी संदेश 2 (Core Drive 8).
TPL-350627A2,S7,churned,Motivation → session frequency • re-engagement & recovering lost habits,Core Drive 8: Loss Avoidance,FOMO,Daily Streak,[S7 - CHURNED] Mock message 3 focusing on Core Drive 8.,[S7 - CHURNED] डमी संदेश 3 (Core Drive 8).
TPL-844253C4,S7,churned,Motivation → session frequency • re-engagement & recovering lost habits,Core Drive 8: Loss Avoidance,Status,Roleplay,[S7 - CHURNED] Mock message 4 focusing on Core Drive 8.,[S7 - CHURNED] डमी संदेश 4 (Core Drive 8).
TPL-9AA875AD,S7,churned,Motivation → session frequency • re-engagement & recovering lost habits,Core Drive 8: Loss Avoidance,Mastery,Progress Dashboard,[S7 - CHURNED] Mock message 5 focusing on Core Drive 8.,[S7 - CHURNED] डमी संदेश 5 (Core Drive 8).
TPL-F7BEF7DC,S7,inactive,Motivation → session frequency • compelling return value proposition,Core Drive 8: Loss Avoidance,Curiosity,AI Tutor,[S7 - INACTIVE] Mock message 1 focusing on Core Drive 8.,[S7 - INACTIVE] डमी संदेश 1 (Core Drive 8).
TPL-8C9202A4,S7,inactive,Motivation → session frequency • compelling return value proposition,Core Drive 8: Loss Avoidance,FOMO,Progress Dashboard,[S7 - INACTIVE] Mock message 2 focusing on Core Drive 8.,[S7 - INACTIVE] डमी संदेश 2 (Core Drive 8).
TPL-CC2F0041,S7,inactive,Motivation → session frequency • compelling return value proposition,Core Drive 8: Loss Avoidance,Social Proof,Leaderboard,[S7 - INACTIVE] Mock message 3 focusing on Core Drive 8.,[S7 - INACTIVE] डमी संदेश 3 (Core Drive 8).
TPL-18375E28,S7,inactive,Motivation → session frequency • compelling return value proposition,Core Drive 8: Loss Avoidance,Loss Aversion,Progress Dashboard,[S7 - INACTIVE] Mock message 4 focusing on Core Drive 8.,[S7 - INACTIVE] डमी संदेश 4 (Core Drive 8).
TPL-5F61EB1D,S7,inactive,Motivation → session frequency • compelling return value proposition,Core Drive 8: Loss Avoidance,Urgency,Daily Streak,[S7 - INACTIVE] Mock message 5 focusing on Core Drive 8.,[S7 - INACTIVE] डमी संदेश 5 (Core Drive 8).
TPL-540260F6,S8,trial,Personalization → Engagement • rapid adoption & habit formation,Core Drive 6: Scarcity,Curiosity,AI Tutor,[S8 - TRIAL] Mock message 1 focusing on Core Drive 6.,[S8 - TRIAL] डमी संदेश 1 (Core Drive 6).
TPL-2A74A00F,S8,trial,Personalization → Engagement • rapid adoption & habit formation,Core Drive 6: Scarcity,Status,Leaderboard,[S8 - TRIAL] Mock message 2 focusing on Core Drive 6.,[S8 - TRIAL] डमी संदेश 2 (Core Drive 6).
TPL-BD928EE7,S8,trial,Personalization → Engagement • rapid adoption & habit formation,Core Drive 6: Scarcity,Mastery,Leaderboard,[S8 - TRIAL] Mock message 3 focusing on Core Drive 6.,[S8 - TRIAL] डमी संदेश 3 (Core Drive 6).
TPL-4EBB1AA5,S8,trial,Personalization → Engagement • rapid adoption & habit formation,Core Drive 6: Scarcity,FOMO,Roleplay,[S8 - TRIAL] Mock message 4 focusing on Core Drive 6.,[S8 - TRIAL] डमी संदेश 4 (Core Drive 6).
TPL-0AD07F6A,S8,trial,Personalization → Engagement • rapid adoption & habit formation,Core Drive 6: Scarcity,Status,Roleplay,[S8 - TRIAL] Mock message 5 focusing on Core Drive 6.,[S8 - TRIAL] डमी संदेश 5 (Core Drive 6).
TPL-A775E383,S8,paid,Personalization → Engagement • deepening engagement & retention,Core Drive 6: Scarcity,Status,Leaderboard,[S8 - PAID] Mock message 1 focusing on Core Drive 6.,[S8 - PAID] डमी संदेश 1 (Core Drive 6).
TPL-E6AC45E8,S8,paid,Personalization → Engagement • deepening engagement & retention,Core Drive 6: Scarcity,Curiosity,Daily Streak,[S8 - PAID] Mock message 2 focusing on Core Drive 6.,[S8 - PAID] डमी संदेश 2 (Core Drive 6).
TPL-19A9A3DA,S8,paid,Personalization → Engagement • deepening engagement & retention,Core Drive 6: Scarcity,Status,Leaderboard,[S8 - PAID] Mock message 3 focusing on Core Drive 6.,[S8 - PAID] डमी संदेश 3 (Core Drive 6).
TPL-8F9E9AA3,S8,paid,Personalization → Engagement • deepening engagement & retention,Core Drive 6: Scarcity,Status,Roleplay,[S8 - PAID] Mock message 4 focusing on Core Drive 6.,[S8 - PAID] डमी संदेश 4 (Core Drive 6).
TPL-5F5890CF,S8,paid,Personalization → Engagement • deepening engagement & retention,Core Drive 6: Scarcity,FOMO,Daily Streak,[S8 - PAID] Mock message 5 focusing on Core Drive 6.,[S8 - PAID] डमी संदेश 5 (Core Drive 6).
TPL-E94164C2,S8,churned,Personalization → Engagement • re-engagement & recovering lost habits,Core Drive 6: Scarcity,Status,Progress Dashboard,[S8 - CHURNED] Mock message 1 focusing on Core Drive 6.,[S8 - CHURNED] डमी संदेश 1 (Core Drive 6).
TPL-3B4DD941,S8,churned,Personalization → Engagement • re-engagement & recovering lost habits,Core Drive 6: Scarcity,Mastery,Progress Dashboard,[S8 - CHURNED] Mock message 2 focusing on Core Drive 6.,[S8 - CHURNED] डमी संदेश 2 (Core Drive 6).
TPL-8132EF92,S8,churned,Personalization → Engagement • re-engagement & recovering lost habits,Core Drive 6: Scarcity,Mastery,XP Boost,[S8 - CHURNED] Mock message 3 focusing on Core Drive 6.,[S8 - CHURNED] डमी संदेश 3 (Core Drive 6).
TPL-6388FFD7,S8,churned,Personalization → Engagement • re-engagement & recovering lost habits,Core Drive 6: Scarcity,Loss Aversion,AI Tutor,[S8 - CHURNED] Mock message 4 focusing on Core Drive 6.,[S8 - CHURNED] डमी संदेश 4 (Core Drive 6).
TPL-2E87560B,S8,churned,Personalization → Engagement • re-engagement & recovering lost habits,Core Drive 6: Scarcity,Urgency,Daily Streak,[S8 - CHURNED] Mock message 5 focusing on Core Drive 6.,[S8 - CHURNED] डमी संदेश 5 (Core Drive 6).
TPL-1B9DDF96,S8,inactive,Personalization → Engagement • compelling return value proposition,Core Drive 6: Scarcity,Mastery,AI Tutor,[S8 - INACTIVE] Mock message 1 focusing on Core Drive 6.,[S8 - INACTIVE] डमी संदेश 1 (Core Drive 6).
TPL-2FF21F9B,S8,inactive,Personalization → Engagement • compelling return value proposition,Core Drive 6: Scarcity,Urgency,Leaderboard,[S8 - INACTIVE] Mock message 2 focusing on Core Drive 6.,[S8 - INACTIVE] डमी संदेश 2 (Core Drive 6).
TPL-0354B835,S8,inactive,Personalization → Engagement • compelling return value proposition,Core Drive 6: Scarcity,Status,Leaderboard,[S8 - INACTIVE] Mock message 3 focusing on Core Drive 6.,[S8 - INACTIVE] डमी संदेश 3 (Core Drive 6).
TPL-C3F16729,S8,inactive,Personalization → Engagement • compelling return value proposition,Core Drive 6: Scarcity,Curiosity,Progress Dashboard,[S8 - INACTIVE] Mock message 4 focusing on Core Drive 6.,[S8 - INACTIVE] डमी संदेश 4 (Core Drive 6).
TPL-6D96FC53,S8,inactive,Personalization → Engagement • compelling return value proposition,Core Drive 6: Scarcity,FOMO,XP Boost,[S8 - INACTIVE] Mock message 5 focusing on Core Drive 6.,[S8 - INACTIVE] डमी संदेश 5 (Core Drive 6).
TPL-4E4CDE4B,S9,trial,Identity → retention • rapid adoption & habit formation,Core Drive 8: Loss Avoidance,Curiosity,Daily Streak,[S9 - TRIAL] Mock message 1 focusing on Core Drive 8.,[S9 - TRIAL] डमी संदेश 1 (Core Drive 8).
TPL-FB25EA7C,S9,trial,Identity → retention • rapid adoption & habit formation,Core Drive 8: Loss Avoidance,Status,Progress Dashboard,[S9 - TRIAL] Mock message 2 focusing on Core Drive 8.,[S9 - TRIAL] डमी संदेश 2 (Core Drive 8).
TPL-1EB6FD8D,S9,trial,Identity → retention • rapid adoption & habit formation,Core Drive 8: Loss Avoidance,Mastery,Progress Dashboard,[S9 - TRIAL] Mock message 3 focusing on Core Drive 8.,[S9 - TRIAL] डमी संदेश 3 (Core Drive 8).
TPL-73775866,S9,trial,Identity → retention • rapid adoption & habit formation,Core Drive 8: Loss Avoidance,Social Proof,Progress Dashboard,[S9 - TRIAL] Mock message 4 focusing on Core Drive 8.,[S9 - TRIAL] डमी संदेश 4 (Core Drive 8).
TPL-DACAE9C1,S9,trial,Identity → retention • rapid adoption & habit formation,Core Drive 8: Loss Avoidance,Loss Aversion,Leaderboard,[S9 - TRIAL] Mock message 5 focusing on Core Drive 8.,[S9 - TRIAL] डमी संदेश 5 (Core Drive 8).
TPL-F445B22F,S9,paid,Identity → retention • deepening engagement & retention,Core Drive 8: Loss Avoidance,Mastery,XP Boost,[S9 - PAID] Mock message 1 focusing on Core Drive 8.,[S9 - PAID] डमी संदेश 1 (Core Drive 8).
TPL-5A9BC635,S9,paid,Identity → retention • deepening engagement & retention,Core Drive 8: Loss Avoidance,Loss Aversion,Daily Streak,[S9 - PAID] Mock message 2 focusing on Core Drive 8.,[S9 - PAID] डमी संदेश 2 (Core Drive 8).
TPL-5D3A6E74,S9,paid,Identity → retention • deepening engagement & retention,Core Drive 8: Loss Avoidance,FOMO,Roleplay,[S9 - PAID] Mock message 3 focusing on Core Drive 8.,[S9 - PAID] डमी संदेश 3 (Core Drive 8).
TPL-1ADB48D7,S9,paid,Identity → retention • deepening engagement & retention,Core Drive 8: Loss Avoidance,Mastery,XP Boost,[S9 - PAID] Mock message 4 focusing on Core Drive 8.,[S9 - PAID] डमी संदेश 4 (Core Drive 8).
TPL-FC08FCB1,S9,paid,Identity → retention • deepening engagement & retention,Core Drive 8: Loss Avoidance,Loss Aversion,XP Boost,[S9 - PAID] Mock message 5 focusing on Core Drive 8.,[S9 - PAID] डमी संदेश 5 (Core Drive 8).
TPL-09CA2306,S9,churned,Identity → retention • re-engagement & recovering lost habits,Core Drive 8: Loss Avoidance,Loss Aversion,Leaderboard,[S9 - CHURNED] Mock message 1 focusing on Core Drive 8.,[S9 - CHURNED] डमी संदेश 1 (Core Drive 8).
TPL-CBA5CA30,S9,churned,Identity → retention • re-engagement & recovering lost habits,Core Drive 8: Loss Avoidance,Mastery,Progress Dashboard,[S9 - CHURNED] Mock message 2 focusing on Core Drive 8.,[S9 - CHURNED] डमी संदेश 2 (Core Drive 8).
TPL-9FF64CB1,S9,churned,Identity → retention • re-engagement & recovering lost habits,Core Drive 8: Loss Avoidance,Loss Aversion,XP Boost,[S9 - CHURNED] Mock message 3 focusing on Core Drive 8.,[S9 - CHURNED] डमी संदेश 3 (Core Drive 8).
TPL-EA3AD7CE,S9,churned,Identity → retention • re-engagement & recovering lost habits,Core Drive 8: Loss Avoidance,FOMO,Daily Streak,[S9 - CHURNED] Mock message 4 focusing on Core Drive 8.,[S9 - CHURNED] डमी संदेश 4 (Core Drive 8).
TPL-1D360ECF,S9,churned,Identity → retention • re-engagement & recovering lost habits,Core Drive 8: Loss Avoidance,Mastery,AI Tutor,[S9 - CHURNED] Mock message 5 focusing on Core Drive 8.,[S9 - CHURNED] डमी संदेश 5 (Core Drive 8).
TPL-23738FF6,S9,inactive,Identity → retention • compelling return value proposition,Core Drive 8: Loss Avoidance,Urgency,AI Tutor,[S9 - INACTIVE] Mock message 1 focusing on Core Drive 8.,[S9 - INACTIVE] डमी संदेश 1 (Core Drive 8).
TPL-52AE80C1,S9,inactive,Identity → retention • compelling return value proposition,Core Drive 8: Loss Avoidance,Urgency,Daily Streak,[S9 - INACTIVE] Mock message 2 focusing on Core Drive 8.,[S9 - INACTIVE] डमी संदेश 2 (Core Drive 8).
TPL-86203952,S9,inactive,Identity → retention • compelling return value proposition,Core Drive 8: Loss Avoidance,Curiosity,Progress Dashboard,[S9 - INACTIVE] Mock message 3 focusing on Core Drive 8.,[S9 - INACTIVE] डमी संदेश 3 (Core Drive 8).
TPL-5C52DE9F,S9,inactive,Identity → retention • compelling return value proposition,Core Drive 8: Loss Avoidance,Social Proof,Roleplay,[S9 - INACTIVE] Mock message 4 focusing on Core Drive 8.,[S9 - INACTIVE] डमी संदेश 4 (Core Drive 8).
TPL-77C5EF82,S9,inactive,Identity → retention • compelling return value proposition,Core Drive 8: Loss Avoidance,FOMO,Progress Dashboard,[S9 - INACTIVE] Mock message 5 focusing on Core Drive 8.,[S9 - INACTIVE] डमी संदेश 5 (Core Drive 8).
TPL-2BF9FC9A,S1,trial,Motivation → session frequency • rapid adoption & habit formation,Core Drive 4: Ownership,Urgency,XP Boost,[S1 - TRIAL] Mock message 1 focusing on Core Drive 4.,[S1 - TRIAL] डमी संदेश 1 (Core Drive 4).
TPL-13A39752,S1,trial,Motivation → session frequency • rapid adoption & habit formation,Core Drive 4: Ownership,Loss Aversion,Leaderboard,[S1 - TRIAL] Mock message 2 focusing on Core Drive 4.,[S1 - TRIAL] डमी संदेश 2 (Core Drive 4).
TPL-3F1F260A,S1,trial,Motivation → session frequency • rapid adoption & habit formation,Core Drive 4: Ownership,Curiosity,Leaderboard,[S1 - TRIAL] Mock message 3 focusing on Core Drive 4.,[S1 - TRIAL] डमी संदेश 3 (Core Drive 4).
TPL-B50A9D5F,S1,trial,Motivation → session frequency • rapid adoption & habit formation,Core Drive 4: Ownership,Curiosity,Roleplay,[S1 - TRIAL] Mock message 4 focusing on Core Drive 4.,[S1 - TRIAL] डमी संदेश 4 (Core Drive 4).
TPL-39326B9E,S1,trial,Motivation → session frequency • rapid adoption & habit formation,Core Drive 4: Ownership,Social Proof,Daily Streak,[S1 - TRIAL] Mock message 5 focusing on Core Drive 4.,[S1 - TRIAL] डमी संदेश 5 (Core Drive 4).
TPL-0A3D3489,S1,paid,Motivation → session frequency • deepening engagement & retention,Core Drive 4: Ownership,Loss Aversion,AI Tutor,[S1 - PAID] Mock message 1 focusing on Core Drive 4.,[S1 - PAID] डमी संदेश 1 (Core Drive 4).
TPL-A9939E8A,S1,paid,Motivation → session frequency • deepening engagement & retention,Core Drive 4: Ownership,FOMO,Daily Streak,[S1 - PAID] Mock message 2 focusing on Core Drive 4.,[S1 - PAID] डमी संदेश 2 (Core Drive 4).
TPL-86E6283E,S1,paid,Motivation → session frequency • deepening engagement & retention,Core Drive 4: Ownership,Urgency,Progress Dashboard,[S1 - PAID] Mock message 3 focusing on Core Drive 4.,[S1 - PAID] डमी संदेश 3 (Core Drive 4).
TPL-DF553D3A,S1,paid,Motivation → session frequency • deepening engagement & retention,Core Drive 4: Ownership,Loss Aversion,AI Tutor,[S1 - PAID] Mock message 4 focusing on Core Drive 4.,[S1 - PAID] डमी संदेश 4 (Core Drive 4).
TPL-F1B5D077,S1,paid,Motivation → session frequency • deepening engagement & retention,Core Drive 4: Ownership,Urgency,Roleplay,[S1 - PAID] Mock message 5 focusing on Core Drive 4.,[S1 - PAID] डमी संदेश 5 (Core Drive 4).
TPL-1D20422F,S1,churned,Motivation → session frequency • re-engagement & recovering lost habits,Core Drive 4: Ownership,Status,Progress Dashboard,[S1 - CHURNED] Mock message 1 focusing on Core Drive 4.,[S1 - CHURNED] डमी संदेश 1 (Core Drive 4).
TPL-E8C467CD,S1,churned,Motivation → session frequency • re-engagement & recovering lost habits,Core Drive 4: Ownership,Curiosity,AI Tutor,[S1 - CHURNED] Mock message 2 focusing on Core Drive 4.,[S1 - CHURNED] डमी संदेश 2 (Core Drive 4).
TPL-322AB01C,S1,churned,Motivation → session frequency • re-engagement & recovering lost habits,Core Drive 4: Ownership,FOMO,XP Boost,[S1 - CHURNED] Mock message 3 focusing on Core Drive 4.,[S1 - CHURNED] डमी संदेश 3 (Core Drive 4).
TPL-87BE66F3,S1,churned,Motivation → session frequency • re-engagement & recovering lost habits,Core Drive 4: Ownership,Curiosity,Roleplay,[S1 - CHURNED] Mock message 4 focusing on Core Drive 4.,[S1 - CHURNED] डमी संदेश 4 (Core Drive 4).
TPL-06C18142,S1,churned,Motivation → session frequency • re-engagement & recovering lost habits,Core Drive 4: Ownership,Curiosity,AI Tutor,[S1 - CHURNED] Mock message 5 focusing on Core Drive 4.,[S1 - CHURNED] डमी संदेश 5 (Core Drive 4).
TPL-498E4EE5,S1,inactive,Motivation → session frequency • compelling return value proposition,Core Drive 4: Ownership,Mastery,Daily Streak,[S1 - INACTIVE] Mock message 1 focusing on Core Drive 4.,[S1 - INACTIVE] डमी संदेश 1 (Core Drive 4).
TPL-8A62B0ED,S1,inactive,Motivation → session frequency • compelling return value proposition,Core Drive 4: Ownership,Curiosity,Leaderboard,[S1 - INACTIVE] Mock message 2 focusing on Core Drive 4.,[S1 - INACTIVE] डमी संदेश 2 (Core Drive 4).
TPL-467FE55E,S1,inactive,Motivation → session frequency • compelling return value proposition,Core Drive 4: Ownership,Social Proof,Daily Streak,[S1 - INACTIVE] Mock message 3 focusing on Core Drive 4.,[S1 - INACTIVE] डमी संदेश 3 (Core Drive 4).
TPL-ADE586D6,S1,inactive,Motivation → session frequency • compelling return value proposition,Core Drive 4: Ownership,Curiosity,Progress Dashboard,[S1 - INACTIVE] Mock message 4 focusing on Core Drive 4.,[S1 - INACTIVE] डमी संदेश 4 (Core Drive 4).
TPL-89A9CC83,S1,inactive,Motivation → session frequency • compelling return value proposition,Core Drive 4: Ownership,Curiosity,Progress Dashboard,[S1 - INACTIVE] Mock message 5 focusing on Core Drive 4.,[S1 - INACTIVE] डमी संदेश 5 (Core Drive 4).
TPL-85589A39,S2,trial,Personalization → Engagement • rapid adoption & habit formation,Core Drive 1: Epic Meaning,Mastery,Daily Streak,[S2 - TRIAL] Mock message 1 focusing on Core Drive 1.,[S2 - TRIAL] डमी संदेश 1 (Core Drive 1).
TPL-692FA708,S2,trial,Personalization → Engagement • rapid adoption & habit formation,Core Drive 1: Epic Meaning,Social Proof,Daily Streak,[S2 - TRIAL] Mock message 2 focusing on Core Drive 1.,[S2 - TRIAL] डमी संदेश 2 (Core Drive 1).
TPL-52314A85,S2,trial,Personalization → Engagement • rapid adoption & habit formation,Core Drive 1: Epic Meaning,FOMO,Daily Streak,[S2 - TRIAL] Mock message 3 focusing on Core Drive 1.,[S2 - TRIAL] डमी संदेश 3 (Core Drive 1).
TPL-F5E48ADF,S2,trial,Personalization → Engagement • rapid adoption & habit formation,Core Drive 1: Epic Meaning,Status,Roleplay,[S2 - TRIAL] Mock message 4 focusing on Core Drive 1.,[S2 - TRIAL] डमी संदेश 4 (Core Drive 1).
TPL-5E71A630,S2,trial,Personalization → Engagement • rapid adoption & habit formation,Core Drive 1: Epic Meaning,Urgency,Daily Streak,[S2 - TRIAL] Mock message 5 focusing on Core Drive 1.,[S2 - TRIAL] डमी संदेश 5 (Core Drive 1).
TPL-F39B29A6,S2,paid,Personalization → Engagement • deepening engagement & retention,Core Drive 1: Epic Meaning,Curiosity,Progress Dashboard,[S2 - PAID] Mock message 1 focusing on Core Drive 1.,[S2 - PAID] डमी संदेश 1 (Core Drive 1).
TPL-1C4AC0D9,S2,paid,Personalization → Engagement • deepening engagement & retention,Core Drive 1: Epic Meaning,Urgency,XP Boost,[S2 - PAID] Mock message 2 focusing on Core Drive 1.,[S2 - PAID] डमी संदेश 2 (Core Drive 1).
TPL-FD095D44,S2,paid,Personalization → Engagement • deepening engagement & retention,Core Drive 1: Epic Meaning,FOMO,Daily Streak,[S2 - PAID] Mock message 3 focusing on Core Drive 1.,[S2 - PAID] डमी संदेश 3 (Core Drive 1).
TPL-32E7CED8,S2,paid,Personalization → Engagement • deepening engagement & retention,Core Drive 1: Epic Meaning,Curiosity,Roleplay,[S2 - PAID] Mock message 4 focusing on Core Drive 1.,[S2 - PAID] डमी संदेश 4 (Core Drive 1).
TPL-4DF47E63,S2,paid,Personalization → Engagement • deepening engagement & retention,Core Drive 1: Epic Meaning,Curiosity,Daily Streak,[S2 - PAID] Mock message 5 focusing on Core Drive 1.,[S2 - PAID] डमी संदेश 5 (Core Drive 1).
TPL-C317306D,S2,churned,Personalization → Engagement • re-engagement & recovering lost habits,Core Drive 1: Epic Meaning,Loss Aversion,XP Boost,[S2 - CHURNED] Mock message 1 focusing on Core Drive 1.,[S2 - CHURNED] डमी संदेश 1 (Core Drive 1).
TPL-7AFB0634,S2,churned,Personalization → Engagement • re-engagement & recovering lost habits,Core Drive 1: Epic Meaning,Mastery,XP Boost,[S2 - CHURNED] Mock message 2 focusing on Core Drive 1.,[S2 - CHURNED] डमी संदेश 2 (Core Drive 1).
TPL-1E16BE83,S2,churned,Personalization → Engagement • re-engagement & recovering lost habits,Core Drive 1: Epic Meaning,Curiosity,XP Boost,[S2 - CHURNED] Mock message 3 focusing on Core Drive 1.,[S2 - CHURNED] डमी संदेश 3 (Core Drive 1).
TPL-87B28C23,S2,churned,Personalization → Engagement • re-engagement & recovering lost habits,Core Drive 1: Epic Meaning,Mastery,Roleplay,[S2 - CHURNED] Mock message 4 focusing on Core Drive 1.,[S2 - CHURNED] डमी संदेश 4 (Core Drive 1).
TPL-118D7E50,S2,churned,Personalization → Engagement • re-engagement & recovering lost habits,Core Drive 1: Epic Meaning,Urgency,Roleplay,[S2 - CHURNED] Mock message 5 focusing on Core Drive 1.,[S2 - CHURNED] डमी संदेश 5 (Core Drive 1).
TPL-313BD8D1,S2,inactive,Personalization → Engagement • compelling return value proposition,Core Drive 1: Epic Meaning,FOMO,Daily Streak,[S2 - INACTIVE] Mock message 1 focusing on Core Drive 1.,[S2 - INACTIVE] डमी संदेश 1 (Core Drive 1).
TPL-7D900180,S2,inactive,Personalization → Engagement • compelling return value proposition,Core Drive 1: Epic Meaning,Curiosity,Progress Dashboard,[S2 - INACTIVE] Mock message 2 focusing on Core Drive 1.,[S2 - INACTIVE] डमी संदेश 2 (Core Drive 1).
TPL-653B86F5,S2,inactive,Personalization → Engagement • compelling return value proposition,Core Drive 1: Epic Meaning,FOMO,Roleplay,[S2 - INACTIVE] Mock message 3 focusing on Core Drive 1.,[S2 - INACTIVE] डमी संदेश 3 (Core Drive 1).
TPL-8E4CFC2C,S2,inactive,Personalization → Engagement • compelling return value proposition,Core Drive 1: Epic Meaning,Social Proof,Roleplay,[S2 - INACTIVE] Mock message 4 focusing on Core Drive 1.,[S2 - INACTIVE] डमी संदेश 4 (Core Drive 1).
TPL-34C8621D,S2,inactive,Personalization → Engagement • compelling return value proposition,Core Drive 1: Epic Meaning,Social Proof,AI Tutor,[S2 - INACTIVE] Mock message 5 focusing on Core Drive 1.,[S2 - INACTIVE] डमी संदेश 5 (Core Drive 1).
TPL-F667EC18,S3,trial,Identity → retention • rapid adoption & habit formation,Core Drive 1: Epic Meaning,Status,AI Tutor,[S3 - TRIAL] Mock message 1 focusing on Core Drive 1.,[S3 - TRIAL] डमी संदेश 1 (Core Drive 1).
TPL-569C9F0C,S3,trial,Identity → retention • rapid adoption & habit formation,Core Drive 1: Epic Meaning,Status,Daily Streak,[S3 - TRIAL] Mock message 2 focusing on Core Drive 1.,[S3 - TRIAL] डमी संदेश 2 (Core Drive 1).
TPL-B76D1BD8,S3,trial,Identity → retention • rapid adoption & habit formation,Core Drive 1: Epic Meaning,Curiosity,XP Boost,[S3 - TRIAL] Mock message 3 focusing on Core Drive 1.,[S3 - TRIAL] डमी संदेश 3 (Core Drive 1).
TPL-54D3334B,S3,trial,Identity → retention • rapid adoption & habit formation,Core Drive 1: Epic Meaning,Urgency,Leaderboard,[S3 - TRIAL] Mock message 4 focusing on Core Drive 1.,[S3 - TRIAL] डमी संदेश 4 (Core Drive 1).
TPL-E6E21A75,S3,trial,Identity → retention • rapid adoption & habit formation,Core Drive 1: Epic Meaning,Mastery,AI Tutor,[S3 - TRIAL] Mock message 5 focusing on Core Drive 1.,[S3 - TRIAL] डमी संदेश 5 (Core Drive 1).
TPL-AEAA461B,S3,paid,Identity → retention • deepening engagement & retention,Core Drive 1: Epic Meaning,Urgency,Roleplay,[S3 - PAID] Mock message 1 focusing on Core Drive 1.,[S3 - PAID] डमी संदेश 1 (Core Drive 1).
TPL-4634AA40,S3,paid,Identity → retention • deepening engagement & retention,Core Drive 1: Epic Meaning,Urgency,XP Boost,[S3 - PAID] Mock message 2 focusing on Core Drive 1.,[S3 - PAID] डमी संदेश 2 (Core Drive 1).
TPL-561B920A,S3,paid,Identity → retention • deepening engagement & retention,Core Drive 1: Epic Meaning,Social Proof,Leaderboard,[S3 - PAID] Mock message 3 focusing on Core Drive 1.,[S3 - PAID] डमी संदेश 3 (Core Drive 1).
TPL-BE61063C,S3,paid,Identity → retention • deepening engagement & retention,Core Drive 1: Epic Meaning,Curiosity,XP Boost,[S3 - PAID] Mock message 4 focusing on Core Drive 1.,[S3 - PAID] डमी संदेश 4 (Core Drive 1).
TPL-F3B24ED5,S3,paid,Identity → retention • deepening engagement & retention,Core Drive 1: Epic Meaning,Social Proof,XP Boost,[S3 - PAID] Mock message 5 focusing on Core Drive 1.,[S3 - PAID] डमी संदेश 5 (Core Drive 1).
TPL-2DD44D52,S3,churned,Identity → retention • re-engagement & recovering lost habits,Core Drive 1: Epic Meaning,Status,Progress Dashboard,[S3 - CHURNED] Mock message 1 focusing on Core Drive 1.,[S3 - CHURNED] डमी संदेश 1 (Core Drive 1).
TPL-DF107B9D,S3,churned,Identity → retention • re-engagement & recovering lost habits,Core Drive 1: Epic Meaning,Curiosity,XP Boost,[S3 - CHURNED] Mock message 2 focusing on Core Drive 1.,[S3 - CHURNED] डमी संदेश 2 (Core Drive 1).
TPL-4B33B012,S3,churned,Identity → retention • re-engagement & recovering lost habits,Core Drive 1: Epic Meaning,Mastery,Roleplay,[S3 - CHURNED] Mock message 3 focusing on Core Drive 1.,[S3 - CHURNED] डमी संदेश 3 (Core Drive 1).
TPL-8523B6A7,S3,churned,Identity → retention • re-engagement & recovering lost habits,Core Drive 1: Epic Meaning,Mastery,Roleplay,[S3 - CHURNED] Mock message 4 focusing on Core Drive 1.,[S3 - CHURNED] डमी संदेश 4 (Core Drive 1).
TPL-7BBDE49E,S3,churned,Identity → retention • re-engagement & recovering lost habits,Core Drive 1: Epic Meaning,Mastery,AI Tutor,[S3 - CHURNED] Mock message 5 focusing on Core Drive 1.,[S3 - CHURNED] डमी संदेश 5 (Core Drive 1).
TPL-8E8A081A,S3,inactive,Identity → retention • compelling return value proposition,Core Drive 1: Epic Meaning,Social Proof,Daily Streak,[S3 - INACTIVE] Mock message 1 focusing on Core Drive 1.,[S3 - INACTIVE] डमी संदेश 1 (Core Drive 1).
TPL-835B9E7D,S3,inactive,Identity → retention • compelling return value proposition,Core Drive 1: Epic Meaning,Status,AI Tutor,[S3 - INACTIVE] Mock message 2 focusing on Core Drive 1.,[S3 - INACTIVE] डमी संदेश 2 (Core Drive 1).
TPL-613FB1D8,S3,inactive,Identity → retention • compelling return value proposition,Core Drive 1: Epic Meaning,Urgency,Roleplay,[S3 - INACTIVE] Mock message 3 focusing on Core Drive 1.,[S3 - INACTIVE] डमी संदेश 3 (Core Drive 1).
TPL-30787641,S3,inactive,Identity → retention • compelling return value proposition,Core Drive 1: Epic Meaning,Curiosity,Leaderboard,[S3 - INACTIVE] Mock message 4 focusing on Core Drive 1.,[S3 - INACTIVE] डमी संदेश 4 (Core Drive 1).
TPL-29DBB113,S3,inactive,Identity → retention • compelling return value proposition,Core Drive 1: Epic Meaning,Status,Progress Dashboard,[S3 - INACTIVE] Mock message 5 focusing on Core Drive 1.,[S3 - INACTIVE] डमी संदेश 5 (Core Drive 1).
TPL-E3EDB662,S4,trial,Motivation → session frequency • rapid adoption & habit formation,Core Drive 2: Accomplishment,Status,AI Tutor,[S4 - TRIAL] Mock message 1 focusing on Core Drive 2.,[S4 - TRIAL] डमी संदेश 1 (Core Drive 2).
TPL-C337A2BB,S4,trial,Motivation → session frequency • rapid adoption & habit formation,Core Drive 2: Accomplishment,Loss Aversion,Progress Dashboard,[S4 - TRIAL] Mock message 2 focusing on Core Drive 2.,[S4 - TRIAL] डमी संदेश 2 (Core Drive 2).
TPL-D96F7981,S4,trial,Motivation → session frequency • rapid adoption & habit formation,Core Drive 2: Accomplishment,Social Proof,Progress Dashboard,[S4 - TRIAL] Mock message 3 focusing on Core Drive 2.,[S4 - TRIAL] डमी संदेश 3 (Core Drive 2).
TPL-9B9618A0,S4,trial,Motivation → session frequency • rapid adoption & habit formation,Core Drive 2: Accomplishment,Loss Aversion,Roleplay,[S4 - TRIAL] Mock message 4 focusing on Core Drive 2.,[S4 - TRIAL] डमी संदेश 4 (Core Drive 2).
TPL-847C847B,S4,trial,Motivation → session frequency • rapid adoption & habit formation,Core Drive 2: Accomplishment,Social Proof,Progress Dashboard,[S4 - TRIAL] Mock message 5 focusing on Core Drive 2.,[S4 - TRIAL] डमी संदेश 5 (Core Drive 2).
TPL-6C472729,S4,paid,Motivation → session frequency • deepening engagement & retention,Core Drive 2: Accomplishment,Social Proof,Daily Streak,[S4 - PAID] Mock message 1 focusing on Core Drive 2.,[S4 - PAID] डमी संदेश 1 (Core Drive 2).
TPL-94A2CE77,S4,paid,Motivation → session frequency • deepening engagement & retention,Core Drive 2: Accomplishment,Mastery,Daily Streak,[S4 - PAID] Mock message 2 focusing on Core Drive 2.,[S4 - PAID] डमी संदेश 2 (Core Drive 2).
TPL-1906898E,S4,paid,Motivation → session frequency • deepening engagement & retention,Core Drive 2: Accomplishment,Status,Roleplay,[S4 - PAID] Mock message 3 focusing on Core Drive 2.,[S4 - PAID] डमी संदेश 3 (Core Drive 2).
TPL-58276244,S4,paid,Motivation → session frequency • deepening engagement & retention,Core Drive 2: Accomplishment,Loss Aversion,Progress Dashboard,[S4 - PAID] Mock message 4 focusing on Core Drive 2.,[S4 - PAID] डमी संदेश 4 (Core Drive 2).
TPL-5984019C,S4,paid,Motivation → session frequency • deepening engagement & retention,Core Drive 2: Accomplishment,Mastery,Daily Streak,[S4 - PAID] Mock message 5 focusing on Core Drive 2.,[S4 - PAID] डमी संदेश 5 (Core Drive 2).
TPL-F9FA984C,S4,churned,Motivation → session frequency • re-engagement & recovering lost habits,Core Drive 2: Accomplishment,Loss Aversion,Progress Dashboard,[S4 - CHURNED] Mock message 1 focusing on Core Drive 2.,[S4 - CHURNED] डमी संदेश 1 (Core Drive 2).
TPL-5CD763B4,S4,churned,Motivation → session frequency • re-engagement & recovering lost habits,Core Drive 2: Accomplishment,FOMO,Daily Streak,[S4 - CHURNED] Mock message 2 focusing on Core Drive 2.,[S4 - CHURNED] डमी संदेश 2 (Core Drive 2).
TPL-BAB26E48,S4,churned,Motivation → session frequency • re-engagement & recovering lost habits,Core Drive 2: Accomplishment,Loss Aversion,Daily Streak,[S4 - CHURNED] Mock message 3 focusing on Core Drive 2.,[S4 - CHURNED] डमी संदेश 3 (Core Drive 2).
TPL-7AC04D1D,S4,churned,Motivation → session frequency • re-engagement & recovering lost habits,Core Drive 2: Accomplishment,Curiosity,Roleplay,[S4 - CHURNED] Mock message 4 focusing on Core Drive 2.,[S4 - CHURNED] डमी संदेश 4 (Core Drive 2).
TPL-E9B3293B,S4,churned,Motivation → session frequency • re-engagement & recovering lost habits,Core Drive 2: Accomplishment,Urgency,Progress Dashboard,[S4 - CHURNED] Mock message 5 focusing on Core Drive 2.,[S4 - CHURNED] डमी संदेश 5 (Core Drive 2).
TPL-F171B012,S4,inactive,Motivation → session frequency • compelling return value proposition,Core Drive 2: Accomplishment,Loss Aversion,Leaderboard,[S4 - INACTIVE] Mock message 1 focusing on Core Drive 2.,[S4 - INACTIVE] डमी संदेश 1 (Core Drive 2).
TPL-53B4850D,S4,inactive,Motivation → session frequency • compelling return value proposition,Core Drive 2: Accomplishment,Status,AI Tutor,[S4 - INACTIVE] Mock message 2 focusing on Core Drive 2.,[S4 - INACTIVE] डमी संदेश 2 (Core Drive 2).
TPL-8B41E583,S4,inactive,Motivation → session frequency • compelling return value proposition,Core Drive 2: Accomplishment,Social Proof,Leaderboard,[S4 - INACTIVE] Mock message 3 focusing on Core Drive 2.,[S4 - INACTIVE] डमी संदेश 3 (Core Drive 2).
TPL-0007C443,S4,inactive,Motivation → session frequency • compelling return value proposition,Core Drive 2: Accomplishment,Urgency,XP Boost,[S4 - INACTIVE] Mock message 4 focusing on Core Drive 2.,[S4 - INACTIVE] डमी संदेश 4 (Core Drive 2).
TPL-16EED0CB,S4,inactive,Motivation → session frequency • compelling return value proposition,Core Drive 2: Accomplishment,Urgency,AI Tutor,[S4 - INACTIVE] Mock message 5 focusing on Core Drive 2.,[S4 - INACTIVE] डमी संदेश 5 (Core Drive 2).
TPL-35B1F627,S5,trial,Personalization → Engagement • rapid adoption & habit formation,Core Drive 2: Accomplishment,Loss Aversion,Progress Dashboard,[S5 - TRIAL] Mock message 1 focusing on Core Drive 2.,[S5 - TRIAL] डमी संदेश 1 (Core Drive 2).
TPL-DE2E210B,S5,trial,Personalization → Engagement • rapid adoption & habit formation,Core Drive 2: Accomplishment,Social Proof,Roleplay,[S5 - TRIAL] Mock message 2 focusing on Core Drive 2.,[S5 - TRIAL] डमी संदेश 2 (Core Drive 2).
TPL-72F7E3B5,S5,trial,Personalization → Engagement • rapid adoption & habit formation,Core Drive 2: Accomplishment,Social Proof,Progress Dashboard,[S5 - TRIAL] Mock message 3 focusing on Core Drive 2.,[S5 - TRIAL] डमी संदेश 3 (Core Drive 2).
TPL-A124BE3E,S5,trial,Personalization → Engagement • rapid adoption & habit formation,Core Drive 2: Accomplishment,Urgency,Daily Streak,[S5 - TRIAL] Mock message 4 focusing on Core Drive 2.,[S5 - TRIAL] डमी संदेश 4 (Core Drive 2).
TPL-DB7C3076,S5,trial,Personalization → Engagement • rapid adoption & habit formation,Core Drive 2: Accomplishment,Status,AI Tutor,[S5 - TRIAL] Mock message 5 focusing on Core Drive 2.,[S5 - TRIAL] डमी संदेश 5 (Core Drive 2).
TPL-EEDA25DC,S5,paid,Personalization → Engagement • deepening engagement & retention,Core Drive 2: Accomplishment,Mastery,Progress Dashboard,[S5 - PAID] Mock message 1 focusing on Core Drive 2.,[S5 - PAID] डमी संदेश 1 (Core Drive 2).
TPL-46EEF4FD,S5,paid,Personalization → Engagement • deepening engagement & retention,Core Drive 2: Accomplishment,Loss Aversion,Progress Dashboard,[S5 - PAID] Mock message 2 focusing on Core Drive 2.,[S5 - PAID] डमी संदेश 2 (Core Drive 2).
TPL-03FFA02F,S5,paid,Personalization → Engagement • deepening engagement & retention,Core Drive 2: Accomplishment,Social Proof,Leaderboard,[S5 - PAID] Mock message 3 focusing on Core Drive 2.,[S5 - PAID] डमी संदेश 3 (Core Drive 2).
TPL-679CD237,S5,paid,Personalization → Engagement • deepening engagement & retention,Core Drive 2: Accomplishment,Curiosity,Leaderboard,[S5 - PAID] Mock message 4 focusing on Core Drive 2.,[S5 - PAID] डमी संदेश 4 (Core Drive 2).
TPL-D5BAF909,S5,paid,Personalization → Engagement • deepening engagement & retention,Core Drive 2: Accomplishment,Curiosity,AI Tutor,[S5 - PAID] Mock message 5 focusing on Core Drive 2.,[S5 - PAID] डमी संदेश 5 (Core Drive 2).
TPL-CC74726B,S5,churned,Personalization → Engagement • re-engagement & recovering lost habits,Core Drive 2: Accomplishment,Urgency,Daily Streak,[S5 - CHURNED] Mock message 1 focusing on Core Drive 2.,[S5 - CHURNED] डमी संदेश 1 (Core Drive 2).
TPL-69668AEB,S5,churned,Personalization → Engagement • re-engagement & recovering lost habits,Core Drive 2: Accomplishment,Urgency,XP Boost,[S5 - CHURNED] Mock message 2 focusing on Core Drive 2.,[S5 - CHURNED] डमी संदेश 2 (Core Drive 2).
TPL-5F565371,S5,churned,Personalization → Engagement • re-engagement & recovering lost habits,Core Drive 2: Accomplishment,FOMO,Progress Dashboard,[S5 - CHURNED] Mock message 3 focusing on Core Drive 2.,[S5 - CHURNED] डमी संदेश 3 (Core Drive 2).
TPL-B6E8359E,S5,churned,Personalization → Engagement • re-engagement & recovering lost habits,Core Drive 2: Accomplishment,FOMO,Progress Dashboard,[S5 - CHURNED] Mock message 4 focusing on Core Drive 2.,[S5 - CHURNED] डमी संदेश 4 (Core Drive 2).
TPL-818619B2,S5,churned,Personalization → Engagement • re-engagement & recovering lost habits,Core Drive 2: Accomplishment,Status,Daily Streak,[S5 - CHURNED] Mock message 5 focusing on Core Drive 2.,[S5 - CHURNED] डमी संदेश 5 (Core Drive 2).
TPL-86581AA3,S5,inactive,Personalization → Engagement • compelling return value proposition,Core Drive 2: Accomplishment,Curiosity,Daily Streak,[S5 - INACTIVE] Mock message 1 focusing on Core Drive 2.,[S5 - INACTIVE] डमी संदेश 1 (Core Drive 2).
TPL-5670D6AC,S5,inactive,Personalization → Engagement • compelling return value proposition,Core Drive 2: Accomplishment,FOMO,Roleplay,[S5 - INACTIVE] Mock message 2 focusing on Core Drive 2.,[S5 - INACTIVE] डमी संदेश 2 (Core Drive 2).
TPL-ED5E7DCD,S5,inactive,Personalization → Engagement • compelling return value proposition,Core Drive 2: Accomplishment,Curiosity,AI Tutor,[S5 - INACTIVE] Mock message 3 focusing on Core Drive 2.,[S5 - INACTIVE] डमी संदेश 3 (Core Drive 2).
TPL-8DAC0AE1,S5,inactive,Personalization → Engagement • compelling return value proposition,Core Drive 2: Accomplishment,Status,Roleplay,[S5 - INACTIVE] Mock message 4 focusing on Core Drive 2.,[S5 - INACTIVE] डमी संदेश 4 (Core Drive 2).
TPL-C3C86505,S5,inactive,Personalization → Engagement • compelling return value proposition,Core Drive 2: Accomplishment,FOMO,Daily Streak,[S5 - INACTIVE] Mock message 5 focusing on Core Drive 2.,[S5 - INACTIVE] डमी संदेश 5 (Core Drive 2).
TPL-A1DBD46D,S6,trial,Identity → retention • rapid adoption & habit formation,Core Drive 2: Accomplishment,Mastery,AI Tutor,[S6 - TRIAL] Mock message 1 focusing on Core Drive 2.,[S6 - TRIAL] डमी संदेश 1 (Core Drive 2).
TPL-AFB3E786,S6,trial,Identity → retention • rapid adoption & habit formation,Core Drive 2: Accomplishment,Loss Aversion,XP Boost,[S6 - TRIAL] Mock message 2 focusing on Core Drive 2.,[S6 - TRIAL] डमी संदेश 2 (Core Drive 2).
TPL-0E41BE19,S6,trial,Identity → retention • rapid adoption & habit formation,Core Drive 2: Accomplishment,Loss Aversion,XP Boost,[S6 - TRIAL] Mock message 3 focusing on Core Drive 2.,[S6 - TRIAL] डमी संदेश 3 (Core Drive 2).
TPL-0FE7DDAD,S6,trial,Identity → retention • rapid adoption & habit formation,Core Drive 2: Accomplishment,Social Proof,Progress Dashboard,[S6 - TRIAL] Mock message 4 focusing on Core Drive 2.,[S6 - TRIAL] डमी संदेश 4 (Core Drive 2).
TPL-4D425C42,S6,trial,Identity → retention • rapid adoption & habit formation,Core Drive 2: Accomplishment,Social Proof,Daily Streak,[S6 - TRIAL] Mock message 5 focusing on Core Drive 2.,[S6 - TRIAL] डमी संदेश 5 (Core Drive 2).
TPL-8DE4DE04,S6,paid,Identity → retention • deepening engagement & retention,Core Drive 2: Accomplishment,Status,XP Boost,[S6 - PAID] Mock message 1 focusing on Core Drive 2.,[S6 - PAID] डमी संदेश 1 (Core Drive 2).
TPL-517E95EF,S6,paid,Identity → retention • deepening engagement & retention,Core Drive 2: Accomplishment,Urgency,Progress Dashboard,[S6 - PAID] Mock message 2 focusing on Core Drive 2.,[S6 - PAID] डमी संदेश 2 (Core Drive 2).
TPL-D7EC691B,S6,paid,Identity → retention • deepening engagement & retention,Core Drive 2: Accomplishment,Mastery,Daily Streak,[S6 - PAID] Mock message 3 focusing on Core Drive 2.,[S6 - PAID] डमी संदेश 3 (Core Drive 2).
TPL-AD0948C7,S6,paid,Identity → retention • deepening engagement & retention,Core Drive 2: Accomplishment,FOMO,Daily Streak,[S6 - PAID] Mock message 4 focusing on Core Drive 2.,[S6 - PAID] डमी संदेश 4 (Core Drive 2).
TPL-A8974692,S6,paid,Identity → retention • deepening engagement & retention,Core Drive 2: Accomplishment,Mastery,Daily Streak,[S6 - PAID] Mock message 5 focusing on Core Drive 2.,[S6 - PAID] डमी संदेश 5 (Core Drive 2).
TPL-F9635788,S6,churned,Identity → retention • re-engagement & recovering lost habits,Core Drive 2: Accomplishment,Mastery,XP Boost,[S6 - CHURNED] Mock message 1 focusing on Core Drive 2.,[S6 - CHURNED] डमी संदेश 1 (Core Drive 2).
TPL-5355F692,S6,churned,Identity → retention • re-engagement & recovering lost habits,Core Drive 2: Accomplishment,Mastery,Daily Streak,[S6 - CHURNED] Mock message 2 focusing on Core Drive 2.,[S6 - CHURNED] डमी संदेश 2 (Core Drive 2).
TPL-44804B43,S6,churned,Identity → retention • re-engagement & recovering lost habits,Core Drive 2: Accomplishment,FOMO,Roleplay,[S6 - CHURNED] Mock message 3 focusing on Core Drive 2.,[S6 - CHURNED] डमी संदेश 3 (Core Drive 2).
TPL-566E0C13,S6,churned,Identity → retention • re-engagement & recovering lost habits,Core Drive 2: Accomplishment,Mastery,Progress Dashboard,[S6 - CHURNED] Mock message 4 focusing on Core Drive 2.,[S6 - CHURNED] डमी संदेश 4 (Core Drive 2).
TPL-B565E22E,S6,churned,Identity → retention • re-engagement & recovering lost habits,Core Drive 2: Accomplishment,Loss Aversion,Daily Streak,[S6 - CHURNED] Mock message 5 focusing on Core Drive 2.,[S6 - CHURNED] डमी संदेश 5 (Core Drive 2).
TPL-35AD8D04,S6,inactive,Identity → retention • compelling return value proposition,Core Drive 2: Accomplishment,Urgency,Daily Streak,[S6 - INACTIVE] Mock message 1 focusing on Core Drive 2.,[S6 - INACTIVE] डमी संदेश 1 (Core Drive 2).
TPL-00765D3A,S6,inactive,Identity → retention • compelling return value proposition,Core Drive 2: Accomplishment,Mastery,Leaderboard,[S6 - INACTIVE] Mock message 2 focusing on Core Drive 2.,[S6 - INACTIVE] डमी संदेश 2 (Core Drive 2).
TPL-DDBF08C7,S6,inactive,Identity → retention • compelling return value proposition,Core Drive 2: Accomplishment,Loss Aversion,Leaderboard,[S6 - INACTIVE] Mock message 3 focusing on Core Drive 2.,[S6 - INACTIVE] डमी संदेश 3 (Core Drive 2).
TPL-784B9CD3,S6,inactive,Identity → retention • compelling return value proposition,Core Drive 2: Accomplishment,Status,Leaderboard,[S6 - INACTIVE] Mock message 4 focusing on Core Drive 2.,[S6 - INACTIVE] डमी संदेश 4 (Core Drive 2).
TPL-95679033,S6,inactive,Identity → retention • compelling return value proposition,Core Drive 2: Accomplishment,Social Proof,Leaderboard,[S6 - INACTIVE] Mock message 5 focusing on Core Drive 2.,[S6 - INACTIVE] डमी संदेश 5 (Core Drive 2).
TPL-91B01B32,S7,trial,Motivation → session frequency • rapid adoption & habit formation,Core Drive 6: Scarcity,Mastery,Roleplay,[S7 - TRIAL] Mock message 1 focusing on Core Drive 6.,[S7 - TRIAL] डमी संदेश 1 (Core Drive 6).
TPL-20FC03F7,S7,trial,Motivation → session frequency • rapid adoption & habit formation,Core Drive 6: Scarcity,Mastery,Daily Streak,[S7 - TRIAL] Mock message 2 focusing on Core Drive 6.,[S7 - TRIAL] डमी संदेश 2 (Core Drive 6).
TPL-102AA323,S7,trial,Motivation → session frequency • rapid adoption & habit formation,Core Drive 6: Scarcity,FOMO,Leaderboard,[S7 - TRIAL] Mock message 3 focusing on Core Drive 6.,[S7 - TRIAL] डमी संदेश 3 (Core Drive 6).
TPL-A82CD94A,S7,trial,Motivation → session frequency • rapid adoption & habit formation,Core Drive 6: Scarcity,Mastery,XP Boost,[S7 - TRIAL] Mock message 4 focusing on Core Drive 6.,[S7 - TRIAL] डमी संदेश 4 (Core Drive 6).
TPL-39352B44,S7,trial,Motivation → session frequency • rapid adoption & habit formation,Core Drive 6: Scarcity,Urgency,Roleplay,[S7 - TRIAL] Mock message 5 focusing on Core Drive 6.,[S7 - TRIAL] डमी संदेश 5 (Core Drive 6).
TPL-6B13F86E,S7,paid,Motivation → session frequency • deepening engagement & retention,Core Drive 6: Scarcity,FOMO,Progress Dashboard,[S7 - PAID] Mock message 1 focusing on Core Drive 6.,[S7 - PAID] डमी संदेश 1 (Core Drive 6).
TPL-8EE3C1AD,S7,paid,Motivation → session frequency • deepening engagement & retention,Core Drive 6: Scarcity,Status,XP Boost,[S7 - PAID] Mock message 2 focusing on Core Drive 6.,[S7 - PAID] डमी संदेश 2 (Core Drive 6).
TPL-0BF37109,S7,paid,Motivation → session frequency • deepening engagement & retention,Core Drive 6: Scarcity,Curiosity,Leaderboard,[S7 - PAID] Mock message 3 focusing on Core Drive 6.,[S7 - PAID] डमी संदेश 3 (Core Drive 6).
TPL-757B0BC0,S7,paid,Motivation → session frequency • deepening engagement & retention,Core Drive 6: Scarcity,FOMO,XP Boost,[S7 - PAID] Mock message 4 focusing on Core Drive 6.,[S7 - PAID] डमी संदेश 4 (Core Drive 6).
TPL-0A14B22B,S7,paid,Motivation → session frequency • deepening engagement & retention,Core Drive 6: Scarcity,FOMO,XP Boost,[S7 - PAID] Mock message 5 focusing on Core Drive 6.,[S7 - PAID] डमी संदेश 5 (Core Drive 6).
TPL-F26425AC,S7,churned,Motivation → session frequency • re-engagement & recovering lost habits,Core Drive 6: Scarcity,FOMO,XP Boost,[S7 - CHURNED] Mock message 1 focusing on Core Drive 6.,[S7 - CHURNED] डमी संदेश 1 (Core Drive 6).
TPL-DA5F5D8B,S7,churned,Motivation → session frequency • re-engagement & recovering lost habits,Core Drive 6: Scarcity,FOMO,AI Tutor,[S7 - CHURNED] Mock message 2 focusing on Core Drive 6.,[S7 - CHURNED] डमी संदेश 2 (Core Drive 6).
TPL-7C6F3CF0,S7,churned,Motivation → session frequency • re-engagement & recovering lost habits,Core Drive 6: Scarcity,Curiosity,Daily Streak,[S7 - CHURNED] Mock message 3 focusing on Core Drive 6.,[S7 - CHURNED] डमी संदेश 3 (Core Drive 6).
TPL-AB070999,S7,churned,Motivation → session frequency • re-engagement & recovering lost habits,Core Drive 6: Scarcity,Curiosity,AI Tutor,[S7 - CHURNED] Mock message 4 focusing on Core Drive 6.,[S7 - CHURNED] डमी संदेश 4 (Core Drive 6).
TPL-558134EA,S7,churned,Motivation → session frequency • re-engagement & recovering lost habits,Core Drive 6: Scarcity,FOMO,Roleplay,[S7 - CHURNED] Mock message 5 focusing on Core Drive 6.,[S7 - CHURNED] डमी संदेश 5 (Core Drive 6).
TPL-74AB6F2E,S7,inactive,Motivation → session frequency • compelling return value proposition,Core Drive 6: Scarcity,Curiosity,Progress Dashboard,[S7 - INACTIVE] Mock message 1 focusing on Core Drive 6.,[S7 - INACTIVE] डमी संदेश 1 (Core Drive 6).
TPL-2D7248AA,S7,inactive,Motivation → session frequency • compelling return value proposition,Core Drive 6: Scarcity,FOMO,Progress Dashboard,[S7 - INACTIVE] Mock message 2 focusing on Core Drive 6.,[S7 - INACTIVE] डमी संदेश 2 (Core Drive 6).
TPL-B25D8950,S7,inactive,Motivation → session frequency • compelling return value proposition,Core Drive 6: Scarcity,Status,Roleplay,[S7 - INACTIVE] Mock message 3 focusing on Core Drive 6.,[S7 - INACTIVE] डमी संदेश 3 (Core Drive 6).
TPL-7CE266AE,S7,inactive,Motivation → session frequency • compelling return value proposition,Core Drive 6: Scarcity,Social Proof,XP Boost,[S7 - INACTIVE] Mock message 4 focusing on Core Drive 6.,[S7 - INACTIVE] डमी संदेश 4 (Core Drive 6).
TPL-D1DE5E78,S7,inactive,Motivation → session frequency • compelling return value proposition,Core Drive 6: Scarcity,FOMO,XP Boost,[S7 - INACTIVE] Mock message 5 focusing on Core Drive 6.,[S7 - INACTIVE] डमी संदेश 5 (Core Drive 6).
TPL-DE6F7C57,S8,trial,Personalization → Engagement • rapid adoption & habit formation,Core Drive 8: Loss Avoidance,FOMO,Progress Dashboard,[S8 - TRIAL] Mock message 1 focusing on Core Drive 8.,[S8 - TRIAL] डमी संदेश 1 (Core Drive 8).
TPL-E44873D2,S8,trial,Personalization → Engagement • rapid adoption & habit formation,Core Drive 8: Loss Avoidance,FOMO,XP Boost,[S8 - TRIAL] Mock message 2 focusing on Core Drive 8.,[S8 - TRIAL] डमी संदेश 2 (Core Drive 8).
TPL-0ECEA92B,S8,trial,Personalization → Engagement • rapid adoption & habit formation,Core Drive 8: Loss Avoidance,FOMO,Leaderboard,[S8 - TRIAL] Mock message 3 focusing on Core Drive 8.,[S8 - TRIAL] डमी संदेश 3 (Core Drive 8).
TPL-58BA6496,S8,trial,Personalization → Engagement • rapid adoption & habit formation,Core Drive 8: Loss Avoidance,Urgency,Roleplay,[S8 - TRIAL] Mock message 4 focusing on Core Drive 8.,[S8 - TRIAL] डमी संदेश 4 (Core Drive 8).
TPL-DBAA4402,S8,trial,Personalization → Engagement • rapid adoption & habit formation,Core Drive 8: Loss Avoidance,Social Proof,Progress Dashboard,[S8 - TRIAL] Mock message 5 focusing on Core Drive 8.,[S8 - TRIAL] डमी संदेश 5 (Core Drive 8).
TPL-AE0A69AB,S8,paid,Personalization → Engagement • deepening engagement & retention,Core Drive 8: Loss Avoidance,Curiosity,Progress Dashboard,[S8 - PAID] Mock message 1 focusing on Core Drive 8.,[S8 - PAID] डमी संदेश 1 (Core Drive 8).
TPL-82AF1043,S8,paid,Personalization → Engagement • deepening engagement & retention,Core Drive 8: Loss Avoidance,Urgency,Leaderboard,[S8 - PAID] Mock message 2 focusing on Core Drive 8.,[S8 - PAID] डमी संदेश 2 (Core Drive 8).
TPL-D834A561,S8,paid,Personalization → Engagement • deepening engagement & retention,Core Drive 8: Loss Avoidance,Social Proof,Progress Dashboard,[S8 - PAID] Mock message 3 focusing on Core Drive 8.,[S8 - PAID] डमी संदेश 3 (Core Drive 8).
TPL-05C42FE4,S8,paid,Personalization → Engagement • deepening engagement & retention,Core Drive 8: Loss Avoidance,Social Proof,Daily Streak,[S8 - PAID] Mock message 4 focusing on Core Drive 8.,[S8 - PAID] डमी संदेश 4 (Core Drive 8).
TPL-E130C88D,S8,paid,Personalization → Engagement • deepening engagement & retention,Core Drive 8: Loss Avoidance,FOMO,Progress Dashboard,[S8 - PAID] Mock message 5 focusing on Core Drive 8.,[S8 - PAID] डमी संदेश 5 (Core Drive 8).
TPL-255E7134,S8,churned,Personalization → Engagement • re-engagement & recovering lost habits,Core Drive 8: Loss Avoidance,Loss Aversion,AI Tutor,[S8 - CHURNED] Mock message 1 focusing on Core Drive 8.,[S8 - CHURNED] डमी संदेश 1 (Core Drive 8).
TPL-E9264355,S8,churned,Personalization → Engagement • re-engagement & recovering lost habits,Core Drive 8: Loss Avoidance,Urgency,AI Tutor,[S8 - CHURNED] Mock message 2 focusing on Core Drive 8.,[S8 - CHURNED] डमी संदेश 2 (Core Drive 8).
TPL-8DFA2BDF,S8,churned,Personalization → Engagement • re-engagement & recovering lost habits,Core Drive 8: Loss Avoidance,Urgency,Daily Streak,[S8 - CHURNED] Mock message 3 focusing on Core Drive 8.,[S8 - CHURNED] डमी संदेश 3 (Core Drive 8).
TPL-8A95A541,S8,churned,Personalization → Engagement • re-engagement & recovering lost habits,Core Drive 8: Loss Avoidance,Mastery,Progress Dashboard,[S8 - CHURNED] Mock message 4 focusing on Core Drive 8.,[S8 - CHURNED] डमी संदेश 4 (Core Drive 8).
TPL-00454A74,S8,churned,Personalization → Engagement • re-engagement & recovering lost habits,Core Drive 8: Loss Avoidance,Social Proof,XP Boost,[S8 - CHURNED] Mock message 5 focusing on Core Drive 8.,[S8 - CHURNED] डमी संदेश 5 (Core Drive 8).
TPL-EE6B5684,S8,inactive,Personalization → Engagement • compelling return value proposition,Core Drive 8: Loss Avoidance,Social Proof,Roleplay,[S8 - INACTIVE] Mock message 1 focusing on Core Drive 8.,[S8 - INACTIVE] डमी संदेश 1 (Core Drive 8).
TPL-6AE78BD4,S8,inactive,Personalization → Engagement • compelling return value proposition,Core Drive 8: Loss Avoidance,Status,Daily Streak,[S8 - INACTIVE] Mock message 2 focusing on Core Drive 8.,[S8 - INACTIVE] डमी संदेश 2 (Core Drive 8).
TPL-EEA1D152,S8,inactive,Personalization → Engagement • compelling return value proposition,Core Drive 8: Loss Avoidance,Status,Progress Dashboard,[S8 - INACTIVE] Mock message 3 focusing on Core Drive 8.,[S8 - INACTIVE] डमी संदेश 3 (Core Drive 8).
TPL-84E19F7D,S8,inactive,Personalization → Engagement • compelling return value proposition,Core Drive 8: Loss Avoidance,Mastery,Daily Streak,[S8 - INACTIVE] Mock message 4 focusing on Core Drive 8.,[S8 - INACTIVE] डमी संदेश 4 (Core Drive 8).
TPL-ABBA00EF,S8,inactive,Personalization → Engagement • compelling return value proposition,Core Drive 8: Loss Avoidance,Status,Leaderboard,[S8 - INACTIVE] Mock message 5 focusing on Core Drive 8.,[S8 - INACTIVE] डमी संदेश 5 (Core Drive 8).
TPL-E19FCD1E,S9,trial,Identity → retention • rapid adoption & habit formation,Core Drive 5: Social Influence,Loss Aversion,Daily Streak,[S9 - TRIAL] Mock message 1 focusing on Core Drive 5.,[S9 - TRIAL] डमी संदेश 1 (Core Drive 5).
TPL-30379E71,S9,trial,Identity → retention • rapid adoption & habit formation,Core Drive 5: Social Influence,Loss Aversion,Roleplay,[S9 - TRIAL] Mock message 2 focusing on Core Drive 5.,[S9 - TRIAL] डमी संदेश 2 (Core Drive 5).
TPL-D780398F,S9,trial,Identity → retention • rapid adoption & habit formation,Core Drive 5: Social Influence,Social Proof,Progress Dashboard,[S9 - TRIAL] Mock message 3 focusing on Core Drive 5.,[S9 - TRIAL] डमी संदेश 3 (Core Drive 5).
TPL-51B73213,S9,trial,Identity → retention • rapid adoption & habit formation,Core Drive 5: Social Influence,Loss Aversion,XP Boost,[S9 - TRIAL] Mock message 4 focusing on Core Drive 5.,[S9 - TRIAL] डमी संदेश 4 (Core Drive 5).
TPL-5E5EBA09,S9,trial,Identity → retention • rapid adoption & habit formation,Core Drive 5: Social Influence,FOMO,Progress Dashboard,[S9 - TRIAL] Mock message 5 focusing on Core Drive 5.,[S9 - TRIAL] डमी संदेश 5 (Core Drive 5).
TPL-F269BC2E,S9,paid,Identity → retention • deepening engagement & retention,Core Drive 5: Social Influence,FOMO,AI Tutor,[S9 - PAID] Mock message 1 focusing on Core Drive 5.,[S9 - PAID] डमी संदेश 1 (Core Drive 5).
TPL-77744CAF,S9,paid,Identity → retention • deepening engagement & retention,Core Drive 5: Social Influence,Curiosity,Leaderboard,[S9 - PAID] Mock message 2 focusing on Core Drive 5.,[S9 - PAID] डमी संदेश 2 (Core Drive 5).
TPL-970CC88F,S9,paid,Identity → retention • deepening engagement & retention,Core Drive 5: Social Influence,Status,XP Boost,[S9 - PAID] Mock message 3 focusing on Core Drive 5.,[S9 - PAID] डमी संदेश 3 (Core Drive 5).
TPL-EB557AB4,S9,paid,Identity → retention • deepening engagement & retention,Core Drive 5: Social Influence,Social Proof,Leaderboard,[S9 - PAID] Mock message 4 focusing on Core Drive 5.,[S9 - PAID] डमी संदेश 4 (Core Drive 5).
TPL-25721CB2,S9,paid,Identity → retention • deepening engagement & retention,Core Drive 5: Social Influence,FOMO,Leaderboard,[S9 - PAID] Mock message 5 focusing on Core Drive 5.,[S9 - PAID] डमी संदेश 5 (Core Drive 5).
TPL-9B891D72,S9,churned,Identity → retention • re-engagement & recovering lost habits,Core Drive 5: Social Influence,Urgency,Roleplay,[S9 - CHURNED] Mock message 1 focusing on Core Drive 5.,[S9 - CHURNED] डमी संदेश 1 (Core Drive 5).
TPL-67E19C17,S9,churned,Identity → retention • re-engagement & recovering lost habits,Core Drive 5: Social Influence,Mastery,Leaderboard,[S9 - CHURNED] Mock message 2 focusing on Core Drive 5.,[S9 - CHURNED] डमी संदेश 2 (Core Drive 5).
TPL-6963E66A,S9,churned,Identity → retention • re-engagement & recovering lost habits,Core Drive 5: Social Influence,FOMO,Roleplay,[S9 - CHURNED] Mock message 3 focusing on Core Drive 5.,[S9 - CHURNED] डमी संदेश 3 (Core Drive 5).
TPL-666401AF,S9,churned,Identity → retention • re-engagement & recovering lost habits,Core Drive 5: Social Influence,Mastery,AI Tutor,[S9 - CHURNED] Mock message 4 focusing on Core Drive 5.,[S9 - CHURNED] डमी संदेश 4 (Core Drive 5).
TPL-4ABE949A,S9,churned,Identity → retention • re-engagement & recovering lost habits,Core Drive 5: Social Influence,Social Proof,Leaderboard,[S9 - CHURNED] Mock message 5 focusing on Core Drive 5.,[S9 - CHURNED] डमी संदेश 5 (Core Drive 5).
TPL-AFEE88EC,S9,inactive,Identity → retention • compelling return value proposition,Core Drive 5: Social Influence,Social Proof,Roleplay,[S9 - INACTIVE] Mock message 1 focusing on Core Drive 5.,[S9 - INACTIVE] डमी संदेश 1 (Core Drive 5).
TPL-BBE4D0BE,S9,inactive,Identity → retention • compelling return value proposition,Core Drive 5: Social Influence,FOMO,Leaderboard,[S9 - INACTIVE] Mock message 2 focusing on Core Drive 5.,[S9 - INACTIVE] डमी संदेश 2 (Core Drive 5).
TPL-E6897E5E,S9,inactive,Identity → retention • compelling return value proposition,Core Drive 5: Social Influence,FOMO,AI Tutor,[S9 - INACTIVE] Mock message 3 focusing on Core Drive 5.,[S9 - INACTIVE] डमी संदेश 3 (Core Drive 5).
TPL-008E2AEC,S9,inactive,Identity → retention • compelling return value proposition,Core Drive 5: Social Influence,Urgency,AI Tutor,[S9 - INACTIVE] Mock message 4 focusing on Core Drive 5.,[S9 - INACTIVE] डमी संदेश 4 (Core Drive 5).
TPL-E0A72432,S9,inactive,Identity → retention • compelling return value proposition,Core Drive 5: Social Influence,Mastery,Roleplay,[S9 - INACTIVE] Mock message 5 focusing on Core Drive 5.,[S9 - INACTIVE] डमी संदेश 5 (Core Drive 5).
